id;meta_id;nombre;precio;categoria;genero;tallas;descripcion;disponible;imagen_meta_url;imagen_local_path
001;25505323189139394;CAMISA MANGA CORTA RAYAS STWD;8.99;sin_categoria;unisex;XS,S,M,L;S;False;https://scontent.fqsa1-1.fna.fbcdn.net/v/t45.5328-4/622298061_1519267793247524_2792365882469499971_n.png?_nc_cat=101&ccb=1-7&_nc_sid=c7e7b7&_nc_ohc=YBfFnisIQL8Q7kNvwHIyAsI&_nc_oc=AdqgXr81qhcGUxn0Ijl4w4ZRSx9gcTpryvydp3codlqrsLO7CRZ5-_Yfu__3HwLHeyY&_nc_zt=23&_nc_ht=scontent.fqsa1-1.fna&edm=ANyJclEEAAAA&_nc_gid=EATm5ibRuWfwfRxjlVRHaQ&_nc_tpa=Q5bMBQF-Sa_xEVedDSsSsmOBHfhX7171KVKZaT3KNrI2yZOifS8-8YnuaJQq9_sWx6Zy9PjpSp59Dz1EzA&oh=00_Af15KhrR5LNLzaxut-X0TE5xca9lT9vsNXK3PplEs8iU_w&oe=69EAA7C1;images/001.jpg
002;25196209210080357;TOP TIRANTES SOLES;2.99;sin_categoria;unisex;XS,S,M,L;Xs;False;https://scontent.fqsa1-1.fna.fbcdn.net/v/t45.5328-4/622062666_2783434818670716_4147694255220241464_n.png?_nc_cat=108&ccb=1-7&_nc_sid=c7e7b7&_nc_ohc=NQ_uaUsrMVwQ7kNvwHvAQ_y&_nc_oc=AdofpceA-QmqYeRy4LIdNCa0BF514PE5SR4OgaIg805lcD1ESzzEOoEehll82-qPDzE&_nc_zt=23&_nc_ht=scontent.fqsa1-1.fna&edm=ANyJclEEAAAA&_nc_gid=EATm5ibRuWfwfRxjlVRHaQ&_nc_tpa=Q5bMBQFdbEnZK0ZLQJJXvKCNW9x0rDOBUqU1mKr5zAfb4lhwpuy_NPV3AhHavRjVGLIII8lRiHiir65e1g&oh=00_Af3D29Co40G4KUDk29NfzC04efoQQe6xMZivucPKUKXGEA&oe=69EA7B27;images/002.jpg
003;25844431951912701;TOP TIRANTES SOL;3.89;sin_categoria;unisex;XS,S,M,L;S;False;https://scontent.fqsa1-1.fna.fbcdn.net/v/t45.5328-4/621733726_821185130943957_2662434751199068_n.png?_nc_cat=101&ccb=1-7&_nc_sid=c7e7b7&_nc_ohc=_LnWpL0sU4gQ7kNvwFnEpYU&_nc_oc=AdprewpLUrkHwcIEn-1kVIoidNMvKg4XNCvcBW45RQ5sLIturlFtLynKNnari49hVDw&_nc_zt=23&_nc_ht=scontent.fqsa1-1.fna&edm=ANyJclEEAAAA&_nc_gid=EATm5ibRuWfwfRxjlVRHaQ&_nc_tpa=Q5bMBQECysqvW1c1fPc6CVIAlr2r3abhB3YOPsRVByjJYAXUwp-4IbjY4bLE_vFz0_CpF_4R1X3IukhgiA&oh=00_Af1lU_KWCH9Q-vKDAZHDVm7IVs6_xaAcqCIYy9xI_P0fmA&oe=69EA727A;images/003.jpg
004;25424788433865795;CAMISETA GRUESA 2.0 DE CALIDAD SUPERIOR;16.99;sin_categoria;unisex;XS,S,M,L;S;True;https://scontent.fqsa1-1.fna.fbcdn.net/v/t45.5328-4/638853336_923590326847980_7562309464010656157_n.jpg?_nc_cat=107&ccb=1-7&_nc_sid=c7e7b7&_nc_ohc=aoVxD7BVal4Q7kNvwFUbUcx&_nc_oc=Adr_OuIFPfqH8R-IsaHT5s1f6iMGebVJ-uXJhKZ7D45M4UWufZBVJTTDOHGLnI6ECgA&_nc_zt=23&_nc_ht=scontent.fqsa1-1.fna&edm=ANyJclEEAAAA&_nc_gid=EATm5ibRuWfwfRxjlVRHaQ&_nc_tpa=Q5bMBQHVcGFLKQbltD_PfeMXkSioB3En4Ch3Dd5vrxg7QT66abJ6jJg3oJLctilmEuWfAXfn_Dz2T0LWLg&oh=00_Af1K6cbfsgqeh_nfuMcTip5K80l0Kwt-jkdDPaMYY2I7gA&oe=69EA90EB;images/004.jpg
005;25550630044633664;CAMISETA GRUESA PREMIUM HANLEY 2.0 CON ICONO EXCLUSIVO;19.99;sin_categoria;unisex;XS,S,M,L;S, Marrón;True;https://scontent.fqsa1-1.fna.fbcdn.net/v/t45.5328-4/637131084_782912927671424_5091413581072435264_n.jpg?_nc_cat=104&ccb=1-7&_nc_sid=c7e7b7&_nc_ohc=CLiEXpPwAYQQ7kNvwEnfON8&_nc_oc=AdoAysAxCb-fZLFgRKhklxPm5BPwQaqynlKAioAx7xhv0ImisD84vLgnMR4IwhE6rPY&_nc_zt=23&_nc_ht=scontent.fqsa1-1.fna&edm=ANyJclEEAAAA&_nc_gid=EATm5ibRuWfwfRxjlVRHaQ&_nc_tpa=Q5bMBQGCNT3_2AwNAIpCkcq77gRP3YL7RitSbLhT2xPshMy7SJJlpPXD_LwO3rDLuR1SSbxem-jQXNYyzw&oh=00_Af2HnI_o2mgpiUtSgAknA1UGfdxpfRiSGFK-sCwZHO-mzQ&oe=69EA95B8;images/005.jpg
006;25799504339743746;CAMISETA GRUESA PREMIUM CON MICROLOGO;19.99;sin_categoria;unisex;XS,S,M,L;L, Blanco;True;https://scontent.fqsa1-1.fna.fbcdn.net/v/t45.5328-4/638908345_1172642294947977_3753955710512696125_n.jpg?_nc_cat=106&ccb=1-7&_nc_sid=c7e7b7&_nc_ohc=FGQdZk-SxUYQ7kNvwHGvhjP&_nc_oc=Adql5UFbMWpkndigOEqW5zaEr8BJgo0_pDiN2-UpfCRJKpRet68d2YD1EOoD78Gd8bI&_nc_zt=23&_nc_ht=scontent.fqsa1-1.fna&edm=ANyJclEEAAAA&_nc_gid=EATm5ibRuWfwfRxjlVRHaQ&_nc_tpa=Q5bMBQHaaPMs2jD6b8DRW_SZduJW9_wmDBUnSTRWz09fOoqKqx03OrkzBxFt_EC1To2jnHSGXEAdADPc2Q&oh=00_Af2WOu7NWj0-qosCY7Vdaw19HtRTjzibGC87ZwPFZFyJeQ&oe=69EA83C0;images/006.jpg
007;25965854363081895;CAMISETA GRUESA PREMIUM CON MICROLOGO;12.99;sin_categoria;unisex;XS,S,M,L;L, Azul;True;https://scontent.fqsa1-1.fna.fbcdn.net/v/t45.5328-4/638742538_924365146630696_8980045831518296383_n.jpg?_nc_cat=105&ccb=1-7&_nc_sid=c7e7b7&_nc_ohc=zPtzWRuuJ3MQ7kNvwELY4mt&_nc_oc=AdrRNy871HVGj78qBpkLwnSJ37AgRTLHdoxvBgjkjienqDdAk_z6FDTO26QYP_HAw2E&_nc_zt=23&_nc_ht=scontent.fqsa1-1.fna&edm=ANyJclEEAAAA&_nc_gid=EATm5ibRuWfwfRxjlVRHaQ&_nc_tpa=Q5bMBQE8CbbNYK1d_V3UksUvRmhoSTz2eX4_AMzvTpCcipBiq4w13ONSI9VgTCjx9V1dCMXlreF_sXriQg&oh=00_Af0mS2oRLQP5AxL-AquuZg9bUKMgZyFayW_FX11tN5ypLQ&oe=69EA9782;images/007.jpg
008;26198244456529366;SUDADERA DE FELPA CON CAPUCHA E ICONO FRENCH TERRY;24.99;sin_categoria;unisex;XS,S,M,L;S, Negro;True;https://scontent.fqsa1-1.fna.fbcdn.net/v/t45.5328-4/638432217_915640694288268_1442561418095577481_n.jpg?_nc_cat=110&ccb=1-7&_nc_sid=c7e7b7&_nc_ohc=nih-WT5EBikQ7kNvwFUbDqI&_nc_oc=AdrhkFW5alh7nN3SoRYpx59w-B86HSygQxKVTlX0_p5u7oH9HBoFxr56LP2uPSjfOTk&_nc_zt=23&_nc_ht=scontent.fqsa1-1.fna&edm=ANyJclEEAAAA&_nc_gid=EATm5ibRuWfwfRxjlVRHaQ&_nc_tpa=Q5bMBQEEQHbgCHc0L9TTnvfoVEvp4rcTCPtcOgkai9uAyGQbuF1wXwl4aNrzcvFJB0-hd8873nilruuqMA&oh=00_Af0plzKZ4weyIDOGQWwFD3pJ8kAUE1YAlo8QEzi44IViSg&oe=69EA9F01;images/008.jpg
009;26350526831238940;POLO CON ICONO INSIGNIA DON'T SWEAT IT;22.99;sin_categoria;unisex;XS,S,M,L;M;True;https://scontent.fqsa1-1.fna.fbcdn.net/v/t45.5328-4/638113383_25522897560743129_1587949085975731458_n.jpg?_nc_cat=107&ccb=1-7&_nc_sid=c7e7b7&_nc_ohc=V5SHTC3FOBAQ7kNvwEuOUn4&_nc_oc=Adps_px2G4h5ogx88giAOzwBI_B26iKWx53uKLh-bvCfEgVc_V3OY8TPHH80e1-0kmM&_nc_zt=23&_nc_ht=scontent.fqsa1-1.fna&edm=ANyJclEEAAAA&_nc_gid=EATm5ibRuWfwfRxjlVRHaQ&_nc_tpa=Q5bMBQElE2nPv4QeSn1coaLUzK4eaYY4KMIOCy56EtbZtHZ5oCJY-cavL9saA5cOBveEmg7OwNR0U4FDDA&oh=00_Af1rkgMLmtLkcEqTdbv60q7d3Txuru7Q7kwo-NoInn5xqA&oe=69EA95E9;images/009.jpg
010;26588206910803008;SUDADERA DE FELPA CON CAPUCHA E ICONO FRENCH TERRY;24.99;sin_categoria;unisex;XS,S,M,L;XS, Zafiro;True;https://scontent.fqsa1-1.fna.fbcdn.net/v/t45.5328-4/638344202_2199052144231615_1290469733535010537_n.jpg?_nc_cat=100&ccb=1-7&_nc_sid=c7e7b7&_nc_ohc=cAv_Gm9GhXoQ7kNvwEMhebO&_nc_oc=AdoPdcW8aCD8T8ZmnZ3B8elDJei1edVQVwxwuNn0PHfU-93V5N-C4Tf6RW74e-qHPxc&_nc_zt=23&_nc_ht=scontent.fqsa1-1.fna&edm=ANyJclEEAAAA&_nc_gid=EATm5ibRuWfwfRxjlVRHaQ&_nc_tpa=Q5bMBQGr4KcY9XRBFROQKxkZObZSpGvB9nn1oIFlIwZXKC5GY6qNQq6NWD6KDDX92auLSool_qCAGoUUPg&oh=00_Af1hELDD3KE6p3kpQE0_fRRj_5Mz8PJUt2NbHMD98CBj1A&oe=69EA7235;images/010.jpg
011;26783752317892712;TANK TOP PRIMAVERA SOUND X PB;4.79;sin_categoria;unisex;XS,S,M,L;M;False;https://scontent.fqsa1-1.fna.fbcdn.net/v/t45.5328-4/621647979_1664423218303239_3232096357005125362_n.png?_nc_cat=111&ccb=1-7&_nc_sid=c7e7b7&_nc_ohc=8BgfAjfYUN8Q7kNvwHNcroW&_nc_oc=Adoau1AVFYm3nSB8tFCVGCcdIT_cjbt9wYiLhho9Ph3VmmKf6ZSrxEfhKS2TITtS5B8&_nc_zt=23&_nc_ht=scontent.fqsa1-1.fna&edm=ANyJclEEAAAA&_nc_gid=EATm5ibRuWfwfRxjlVRHaQ&_nc_tpa=Q5bMBQGwDyr0WXZjclXdgy2whel1gquQ9xeUQ5Ncmah8BebfTlCuMLrSgL5xo7NWh8LHo5RXRO5MRR-Rjg&oh=00_Af3df88lSrWEqjqnXE2ijRqaq1CaYvazBKaCw5ALhQZugA&oe=69EA8167;images/011.jpg
012;25577957235195997;CAMISETA GRIS ÁNGELES;3.89;sin_categoria;unisex;XS,S,M,L;S;False;https://scontent.fqsa1-1.fna.fbcdn.net/v/t45.5328-4/622298084_2081128816075210_633667811909734031_n.png?_nc_cat=106&ccb=1-7&_nc_sid=c7e7b7&_nc_ohc=rU7w0E-QKG0Q7kNvwE2iFAm&_nc_oc=AdrTpBSLVCOC2Eqa2SxqlB1U-12Q7UJXJyj2-LAFL2nj4S7uiv9ND0n9BLwhpIOYi8Q&_nc_zt=23&_nc_ht=scontent.fqsa1-1.fna&edm=ANyJclEEAAAA&_nc_gid=EATm5ibRuWfwfRxjlVRHaQ&_nc_tpa=Q5bMBQGeKXheSzmV19MCg9NfMB7EiIaxUcpU4tfzh0MLYLdGe6HqSkUI5KTHrbQWy9VXUUrP8ReZxaaBeA&oh=00_Af3RtT_rEWjw1xWmBbNBSJJblEZS4-aHQfkJsexTpf3OGA&oe=69EA9745;images/012.jpg
013;25655944737406805;CAMISETA HONDA CIVIC;5.39;sin_categoria;unisex;XS,S,M,L;M;False;https://scontent.fqsa1-1.fna.fbcdn.net/v/t45.5328-4/622292149_861493353428258_1231551879930501229_n.png?_nc_cat=106&ccb=1-7&_nc_sid=c7e7b7&_nc_ohc=GfNsNtb_gCoQ7kNvwGTIssx&_nc_oc=Adq47761LH32flJaOmDDJb8rOoJVCFEKcuLKgNsJjdHuKf0qgPkYMl33caH3ky-ZuRI&_nc_zt=23&_nc_ht=scontent.fqsa1-1.fna&edm=ANyJclEEAAAA&_nc_gid=EATm5ibRuWfwfRxjlVRHaQ&_nc_tpa=Q5bMBQH_Af-QVtA6SEDMiEKSdnn24Xl2-ZYfss8x3ioCIhwdAxEPjYlXFU0w0YIt-cCZVD1Xs6ru70sFpw&oh=00_Af0BRjBbwsQvJyHz5PGyCzHYEEflr1gzuG_gJCB3H4YZMg&oe=69EA73DA;images/013.jpg
014;34372832325648788;CROP TOP TIRANTES;2.09;sin_categoria;unisex;XS,S,M,L;M;False;https://scontent.fqsa1-1.fna.fbcdn.net/v/t45.5328-4/620637810_1620817052402325_5877710976001331571_n.png?_nc_cat=103&ccb=1-7&_nc_sid=c7e7b7&_nc_ohc=Fvg8Z3kvjsYQ7kNvwEbqbES&_nc_oc=AdrA3yAHJIoaAecsCRJalvRwwrtYlSAznmrNklrUPZd923GggMfiA6rf7HPxFieHNms&_nc_zt=23&_nc_ht=scontent.fqsa1-1.fna&edm=ANyJclEEAAAA&_nc_gid=EATm5ibRuWfwfRxjlVRHaQ&_nc_tpa=Q5bMBQGHQp6G_70OEbD7iO1MqA0Phx6P8asrdoea_lC9PflyWf0a9lm0c2pLyy-M3KqbNmraMgPh7kovug&oh=00_Af1Bgo7OQc9YWocG0qpCEOoLrGJdlAWEZR23RRITBbn2AQ&oe=69EAA75B;images/014.jpg
015;25632738873051606;CAMISETA BOXY;3.89;sin_categoria;unisex;XS,S,M,L;xl;False;https://scontent.fqsa1-1.fna.fbcdn.net/v/t45.5328-4/622097635_1197137945902093_3893615877020220332_n.png?_nc_cat=104&ccb=1-7&_nc_sid=c7e7b7&_nc_ohc=gs0z2JH7bh8Q7kNvwFRb9yc&_nc_oc=AdpvgOHowDLov6HbZvPkxIsGMZGKaz8iBWlACsvQ1UAqieBJsd7TD3EFNVbxJF7fZvw&_nc_zt=23&_nc_ht=scontent.fqsa1-1.fna&edm=ANyJclEEAAAA&_nc_gid=EATm5ibRuWfwfRxjlVRHaQ&_nc_tpa=Q5bMBQGFFijEVyBr6zfB8fEFMAx9KCwWwcHykAgP1okvonsPleIMFocX-QbRCEuaHkdR1IFgEON_l63V8Q&oh=00_Af1Iw6U1Wg0uXn4tJdPiNZj_rt_AOzVjGI0zpbGxVOMeCA&oe=69EA8D65;images/015.jpg
016;25750463141306743;POLO MANGA CORTA;4.79;sin_categoria;unisex;XS,S,M,L;M;False;https://scontent.fqsa1-1.fna.fbcdn.net/v/t45.5328-4/620527751_1471407661163918_1097671673080080060_n.png?_nc_cat=104&ccb=1-7&_nc_sid=c7e7b7&_nc_ohc=ya0MzSyWtacQ7kNvwEyLKwI&_nc_oc=AdqpEA9KQ97VSgPHaIazbG2ehH7TP1_v6jGDIdf9M9kUDMElwwl3vHI4SssMqVhym6k&_nc_zt=23&_nc_ht=scontent.fqsa1-1.fna&edm=ANyJclEEAAAA&_nc_gid=EATm5ibRuWfwfRxjlVRHaQ&_nc_tpa=Q5bMBQH2WFjcQdxnktUPQDDEQiip1GihBL3r9Oef456xSXENH3B_0eLexp0UVYC_iI39WjKUSJHPCWjMrg&oh=00_Af17vxyTJs3Q6VMhoiggsn6JQE-oRE91utxqNHowioXmgQ&oe=69EA9B89;images/016.jpg
017;33544768795167751;CAMISETA GRAFICO;3.89;sin_categoria;unisex;XS,S,M,L;M;False;https://scontent.fqsa1-1.fna.fbcdn.net/v/t45.5328-4/621769477_873599125472334_777634019032037412_n.png?_nc_cat=101&ccb=1-7&_nc_sid=c7e7b7&_nc_ohc=8z02Zcp04GsQ7kNvwGTSIIj&_nc_oc=Adrmz0TWmbD_t9XgnAhtFoyWVGzMa2CTO7H3JDgM5csYybt76o0_4-cDWPMg8wJGyQw&_nc_zt=23&_nc_ht=scontent.fqsa1-1.fna&edm=ANyJclEEAAAA&_nc_gid=EATm5ibRuWfwfRxjlVRHaQ&_nc_tpa=Q5bMBQGFkbbgC5Y0aWavDCdIokvgbVFICzfB5OIL-S0UimXyydjlV2BAP0r7AKt4qKMjGoxAqmeza4F25g&oh=00_Af0zRgyUY30pkclgFbCX6RrC1Zwgug3N5EmWJzBDJjiNMQ&oe=69EAA070;images/017.jpg
018;33363834529931285;TOP HALTER ESPALDA DESCUBIERTA;3.89;sin_categoria;unisex;XS,S,M,L;L;False;https://scontent.fqsa1-1.fna.fbcdn.net/v/t45.5328-4/622386780_2003016477758424_5880183255683052460_n.png?_nc_cat=111&ccb=1-7&_nc_sid=c7e7b7&_nc_ohc=ziaAsyggf7wQ7kNvwEjxnSb&_nc_oc=AdquQzkAf408BaD81AiSu0gKw3LSU9t5HmXNsPqzIhgvlPhnw7Sw_FybWgO07kGBMdI&_nc_zt=23&_nc_ht=scontent.fqsa1-1.fna&edm=ANyJclEEAAAA&_nc_gid=EATm5ibRuWfwfRxjlVRHaQ&_nc_tpa=Q5bMBQHQOGKHjzTCFxmtcw72bXztkvIIJR4-9nOF_uSQdm-ajJsi3Ru2_hT66nvgILe8ZT1xGfJsIYibrQ&oh=00_Af3C42ubmcoTqKXH1rGBHnqwEGiJO2znxkeCuzVZBLdL_Q&oe=69EA7DE6;images/018.jpg
019;26279780898294371;CAMISETA SIN MANGAS LAVADA;2.99;sin_categoria;unisex;XS,S,M,L;S;False;https://scontent.fqsa1-1.fna.fbcdn.net/v/t45.5328-4/621727190_3544676595671211_745277183983394552_n.png?_nc_cat=109&ccb=1-7&_nc_sid=c7e7b7&_nc_ohc=q1qA6PGq7VQQ7kNvwHT9TTj&_nc_oc=AdraDOc0UkhZvRevmQ8blQl0p9EQdshmGmbLGvgn6TxS7yzaTeSWj5XpU-K6tijYPuE&_nc_zt=23&_nc_ht=scontent.fqsa1-1.fna&edm=ANyJclEEAAAA&_nc_gid=EATm5ibRuWfwfRxjlVRHaQ&_nc_tpa=Q5bMBQEU1d29sLtKgprnJFS9KDIxZKDN8KNl3HMr-GDAVgPU3sicm4VCvFuYlvdTMwgEy06DNDZymm0UCQ&oh=00_Af0MsujdueKtYUy4IfRnSPq7p1_b05vT6AXxOoWB0VvwsA&oe=69EA9EAE;images/019.jpg
020;26276314985308721;CAMISA MANGA CORTA RAYAS STWD;17.98;sin_categoria;unisex;XS,S,M,L;M;False;https://scontent.fqsa1-1.fna.fbcdn.net/v/t45.5328-4/622298061_1519267793247524_2792365882469499971_n.png?_nc_cat=101&ccb=1-7&_nc_sid=c7e7b7&_nc_ohc=YBfFnisIQL8Q7kNvwHIyAsI&_nc_oc=AdqgXr81qhcGUxn0Ijl4w4ZRSx9gcTpryvydp3codlqrsLO7CRZ5-_Yfu__3HwLHeyY&_nc_zt=23&_nc_ht=scontent.fqsa1-1.fna&edm=ANyJclEEAAAA&_nc_gid=EATm5ibRuWfwfRxjlVRHaQ&_nc_tpa=Q5bMBQE1SATguxEW2GIRTqZ1C44puev0TnSLUVBc3gf1Wk9LKxIFikgv6xkwxJWkTUH0_UaOPIu9IN4YZw&oh=00_Af3zwuj9HZhFM2GBxHh3CaXIT7bwBChJQc2Kx4YdFoQjBA&oe=69EAA7C1;images/020.jpg
021;25023273517345942;CAMISETA ALGODÓN MANGA CORTA;7.99;sin_categoria;unisex;XS,S,M,L;M;True;https://scontent.fqsa1-1.fna.fbcdn.net/v/t45.5328-4/622565626_2136188210475443_811181746237752931_n.jpg?_nc_cat=109&ccb=1-7&_nc_sid=c7e7b7&_nc_ohc=7-oKbiaUGr8Q7kNvwEOUh3K&_nc_oc=AdpxFdydYsd4R6bjd0IuwW96pILPUyT0HFDTeX29-YIIF-y5sTFZR9TGJbFdxUp0srk&_nc_zt=23&_nc_ht=scontent.fqsa1-1.fna&edm=ANyJclEEAAAA&_nc_gid=EATm5ibRuWfwfRxjlVRHaQ&_nc_tpa=Q5bMBQGF09Z0EK_zPS17FJlzmgv5ioYcUdDr0eXejze-y2QxE-PXyS2YPYWUIRmaTn3sciw99L9EK39vqQ&oh=00_Af0KaKy5-CiU76F7neldevm00HxywTOE1lNpRSX2V2_d_g&oe=69EAA6CF;images/021.jpg
022;25525829207073436;CAMISETA DE ALGODÓN LOGO;6.99;sin_categoria;unisex;XS,S,M,L;S;True;https://scontent.fqsa1-1.fna.fbcdn.net/v/t45.5328-4/619664481_1937114923537492_9024208076079580380_n.jpg?_nc_cat=101&ccb=1-7&_nc_sid=c7e7b7&_nc_ohc=vmsznYeZ2vQQ7kNvwHEUXrN&_nc_oc=AdqlD34YQNiR8nxPJR8-wDkWPoLwYAStlBYy5URhSoI0cs3qaXRZC6yGyt9T_qQEiB0&_nc_zt=23&_nc_ht=scontent.fqsa1-1.fna&edm=ANyJclEEAAAA&_nc_gid=EATm5ibRuWfwfRxjlVRHaQ&_nc_tpa=Q5bMBQEOO1EST6KaFAlH5j86rPqe1IQeI4DYQElnrVGY8kxAZBn-HMo3QMEcXvnBypATRNZwzJ9kv60RXA&oh=00_Af1G79LWnxVqpLwTN0gSxRNQipyJJt3UGDUGiOm8ygzOYA&oe=69EA94ED;images/022.jpg
023;25534260112943373;CAMISETA DE ALGODÓN LOGO;6.99;sin_categoria;unisex;XS,S,M,L;M;True;https://scontent.fqsa1-1.fna.fbcdn.net/v/t45.5328-4/621659429_744824762026864_5074249656983149589_n.jpg?_nc_cat=111&ccb=1-7&_nc_sid=c7e7b7&_nc_ohc=m6OAiwdQdCMQ7kNvwGHQrnR&_nc_oc=Ado6jlQsF81aC9feqYJaGHQcrhsT1hqVfFLhr1EQwzABDD9-oPbNQ6FSMmZ2dlbRpAQ&_nc_zt=23&_nc_ht=scontent.fqsa1-1.fna&edm=ANyJclEEAAAA&_nc_gid=EATm5ibRuWfwfRxjlVRHaQ&_nc_tpa=Q5bMBQE0Hn1NAxq_hdNO88Xag-NyTx_HUMvNToZBee5lBFi6dUGI5lul5GJ-QlmdjQJ5BbVOCUpNP6mgng&oh=00_Af3qlritmSrw-lH2KXjlLxRfXqrdrFgRavKMdOPmjhOeXw&oe=69EA8578;images/023.jpg
024;25555063860781931;VESTIDO HALTER ESTAMPADO PALMERAS;9.99;sin_categoria;unisex;XS,S,M,L;M;True;https://scontent.fqsa1-1.fna.fbcdn.net/v/t45.5328-4/619498864_2291849527957341_5073396124678359536_n.jpg?_nc_cat=111&ccb=1-7&_nc_sid=c7e7b7&_nc_ohc=UXtaFHb7VjQQ7kNvwHBaoq4&_nc_oc=Ado3MvVKGb8ZVXIP-vcu24b_Q41iFesFcKi-6iGwRoE8uU_bxspzG4PqjzwN-cFfw_o&_nc_zt=23&_nc_ht=scontent.fqsa1-1.fna&edm=ANyJclEEAAAA&_nc_gid=EATm5ibRuWfwfRxjlVRHaQ&_nc_tpa=Q5bMBQGkKAWHzpjYWV73WBzro0PHEDSgKcFmK7Ay0JevUFsRfcTt0I8kMkqTU6VARSaUt5fTYYZOA3lnWQ&oh=00_Af1-AVdCDsMV00aAuFNyc4o8zEDAHJVsqzhcZW1tpQFZZg&oe=69EAA51B;images/024.jpg
025;25664951696494528;CAMISETA DE RAYAS LOGO;6.99;sin_categoria;unisex;XS,S,M,L;M;True;https://scontent.fqsa1-1.fna.fbcdn.net/v/t45.5328-4/620428043_3751995771775385_3811471980948476052_n.jpg?_nc_cat=106&ccb=1-7&_nc_sid=c7e7b7&_nc_ohc=MDiBrjyGL7MQ7kNvwFlkmtf&_nc_oc=AdpNoicz79pJCBkH5J1-YhD5TiaMQu4IuD_XpGNzUS079E7xgoTLdljnVMhPjecc27I&_nc_zt=23&_nc_ht=scontent.fqsa1-1.fna&edm=ANyJclEEAAAA&_nc_gid=EATm5ibRuWfwfRxjlVRHaQ&_nc_tpa=Q5bMBQHyRvWuVZuJNVoeNdYUiYGMQV9ZQZd1Ft0wY9u77MkepZmrzwOUJHcNCvAmlmScLLIECqFvrW-CDg&oh=00_Af1OQYUejncm3gJqhejMU4K4H6sUBq5bFOxDjH0xvYyv8Q&oe=69EA81DB;images/025.jpg
026;25665412729784110;TOP ENTALLADO TIRANTE ANCHOS;7.99;sin_categoria;unisex;XS,S,M,L;S;True;https://scontent.fqsa1-1.fna.fbcdn.net/v/t45.5328-4/620639275_903403818717655_5426964422114761060_n.jpg?_nc_cat=109&ccb=1-7&_nc_sid=c7e7b7&_nc_ohc=-zdiGqAuBU0Q7kNvwEIhFY-&_nc_oc=Ado5UXp7iCupINlybxaOtIArZjpabJOrupIeFhFxCOf9LtLvnPyPh8Ov6XD1FwLJVdQ&_nc_zt=23&_nc_ht=scontent.fqsa1-1.fna&edm=ANyJclEEAAAA&_nc_gid=EATm5ibRuWfwfRxjlVRHaQ&_nc_tpa=Q5bMBQHtvxvWx82TZ2kosERVyoS4uhHfw_L23lYSsNsZfmbEJphrcjdT9lvqpMKNxKdLkHQwwUQ2DENbDA&oh=00_Af3lp_lA4UDep5g3jFhshrolMQTM-lvTGEP-ko7Hru7dFQ&oe=69EA842C;images/026.jpg
027;25757383887204557;CAMISETA ALGODÓN ESTAMPADA;7.99;sin_categoria;unisex;XS,S,M,L;S;True;https://scontent.fqsa1-1.fna.fbcdn.net/v/t45.5328-4/619559470_759207420068897_5223808549945333175_n.jpg?_nc_cat=100&ccb=1-7&_nc_sid=c7e7b7&_nc_ohc=69VyF8eZ-5QQ7kNvwE8AsW5&_nc_oc=AdoxrxaxL_zkM1MTTj3QRwfUZBvL_OyLvDzcEYtMKSwv2W4bEuoalzSgaFYExrb-ECU&_nc_zt=23&_nc_ht=scontent.fqsa1-1.fna&edm=ANyJclEEAAAA&_nc_gid=EATm5ibRuWfwfRxjlVRHaQ&_nc_tpa=Q5bMBQG420sTcbyBiQ-09ggJ0EI5BU9FOVeYEq-Hf0eCH89VpgQKQsUnyh10hKacQY0Qch3b8e1k23bVNQ&oh=00_Af0S1BsdPAVLZcjPzTCkBhqH1VBdtXmCF3MRo1JSVUzT-Q&oe=69EA9546;images/027.jpg
028;25905486475806885;TARJETERO ESTAMPADO LOGO;5.99;sin_categoria;unisex;XS,S,M,L;Talla unica;True;https://scontent.fqsa1-1.fna.fbcdn.net/v/t45.5328-4/620150789_1392195121889950_7210444692505848339_n.jpg?_nc_cat=109&ccb=1-7&_nc_sid=c7e7b7&_nc_ohc=Bm2n5ibo2pEQ7kNvwGUPq4E&_nc_oc=AdoDOdP6AJHkudm0NY5_f5l6AkqfpClWDEOr6_sy-qh52BpGBuqZ6dVClxHDdD4x-Zo&_nc_zt=23&_nc_ht=scontent.fqsa1-1.fna&edm=ANyJclEEAAAA&_nc_gid=EATm5ibRuWfwfRxjlVRHaQ&_nc_tpa=Q5bMBQH3mRNYVZsQLxSxhGYDsRcFfJDzvAYLZoixH5mgXfcrG2b2Frs4oxG7eJpKboCFGTWb8qJ3TtlMhw&oh=00_Af0OuL5GlkNZJrYnLG8s2_nkhnQXm0Iyqpha1kC4CfKYYQ&oe=69EA8883;images/028.jpg
029;26155621380697173;CAMISETA ALGODÓN ESTAMPADA;7.99;sin_categoria;unisex;XS,S,M,L;M;True;https://scontent.fqsa1-1.fna.fbcdn.net/v/t45.5328-4/621174626_25135415146132218_2428638759884883160_n.jpg?_nc_cat=100&ccb=1-7&_nc_sid=c7e7b7&_nc_ohc=vLU9XE7ZfBIQ7kNvwH7u8ua&_nc_oc=AdpPRQd6NyDK3RhAF7bR0FlZPBARylZ12SRpRBcWKrsD82VexVOlLX01a_chRk4pasI&_nc_zt=23&_nc_ht=scontent.fqsa1-1.fna&edm=ANyJclEEAAAA&_nc_gid=EATm5ibRuWfwfRxjlVRHaQ&_nc_tpa=Q5bMBQEakp4jkcnOuoF_CM5AP1if6GpzpdOQ9MluACLDr-kd-G38qpm-hZm0uLwb_7akQMt3s41Qeh2gfA&oh=00_Af2aGLlAAkhKR_MtToNkJSyPJmUp4HulssOR_ZAzAI_TFw&oe=69EA7E66;images/029.jpg
030;26596835939903079;TOP ENTALLADOO CREMALLERA;9.99;sin_categoria;unisex;XS,S,M,L;pendiente;True;https://scontent.fqsa1-1.fna.fbcdn.net/v/t45.5328-4/620155196_1952223592318671_155995115569742369_n.jpg?_nc_cat=110&ccb=1-7&_nc_sid=c7e7b7&_nc_ohc=tJfCrbuNKv4Q7kNvwFnIzKV&_nc_oc=AdrJpQA1Y6d9Ai2DcP9GYqU8HOanSqMJ7GnO15xQiuXmk0WN2JZC18EJkTN-QFseVi4&_nc_zt=23&_nc_ht=scontent.fqsa1-1.fna&edm=ANyJclEEAAAA&_nc_gid=EATm5ibRuWfwfRxjlVRHaQ&_nc_tpa=Q5bMBQFXwLYEGxpYY9f69aCDByCBOu-OcMOt_vRz-29NWC6W5MBBwl9-a48-o8HCGUN8m5EnAx-a3jOCYQ&oh=00_Af2c9AguPNhIDHb4okfy_TuuR12vPMLy9GyDyp05b1-mCw&oe=69EA780F;images/030.jpg
031;26799701199629971;CAMISETA DE ALGODÓN LOGO;6.99;sin_categoria;unisex;XS,S,M,L;M;True;https://scontent.fqsa1-1.fna.fbcdn.net/v/t45.5328-4/621135104_898619515899378_1707118795711240340_n.jpg?_nc_cat=110&ccb=1-7&_nc_sid=c7e7b7&_nc_ohc=xfF0st4saekQ7kNvwFtZkwM&_nc_oc=AdrWEDB7-UZIA-CXoKck18gDP9yGWT0_-WTwLVHeugXqijDk2OM4Gah-Ao2PuPfONiM&_nc_zt=23&_nc_ht=scontent.fqsa1-1.fna&edm=ANyJclEEAAAA&_nc_gid=EATm5ibRuWfwfRxjlVRHaQ&_nc_tpa=Q5bMBQEmzWJ317PyYrkXTKWPvwiLLVgjOAZJvShvaJ_-yrCFunlUIYaBG6knBfMqzjtVJc_KrVpp8K_nZA&oh=00_Af2xJ6hdHtmOpdTXsJx7cnTScGaUUR8hnAQIm3pgYLwopQ&oe=69EA8ABF;images/031.jpg
032;26811447431779090;TOP ENTALLADO TIRANTES ANCHOS;7.99;sin_categoria;unisex;XS,S,M,L;M;True;https://scontent.fqsa1-1.fna.fbcdn.net/v/t45.5328-4/620639275_903403818717655_5426964422114761060_n.jpg?_nc_cat=109&ccb=1-7&_nc_sid=c7e7b7&_nc_ohc=-zdiGqAuBU0Q7kNvwEIhFY-&_nc_oc=Ado5UXp7iCupINlybxaOtIArZjpabJOrupIeFhFxCOf9LtLvnPyPh8Ov6XD1FwLJVdQ&_nc_zt=23&_nc_ht=scontent.fqsa1-1.fna&edm=ANyJclEEAAAA&_nc_gid=EATm5ibRuWfwfRxjlVRHaQ&_nc_tpa=Q5bMBQHpOHuGNRSdZUwblvknMY4Sg05DEwsqRdg7AFnm112-SdNvAZYRGA5_o2bRA-i_ZwNu2gYuh-DkMg&oh=00_Af35_E87yDKxNqGdMTBzirq4WFQQNRX73sU-kWbUIfLNwQ&oe=69EA842C;images/032.jpg
033;33611164505165989;TOP ABERTURA ESPALDA;5.99;sin_categoria;unisex;XS,S,M,L;M;True;https://scontent.fqsa1-1.fna.fbcdn.net/v/t45.5328-4/621900387_2457322241404319_1223866345080415314_n.jpg?_nc_cat=105&ccb=1-7&_nc_sid=c7e7b7&_nc_ohc=Wo5OVKxnRc0Q7kNvwF3cTcR&_nc_oc=Adruy3b7IQCCKqIsiv-pW4OCF3M_OiohOLpSjp3fH59OBsMcW8Ppc6FI5kbyzoVlHfg&_nc_zt=23&_nc_ht=scontent.fqsa1-1.fna&edm=ANyJclEEAAAA&_nc_gid=EATm5ibRuWfwfRxjlVRHaQ&_nc_tpa=Q5bMBQFU-cqtBT2McGABFlT7z0Y9pefmxD6di7CaocuFBRNm_VH7ti2tSXg_xwhVO2Bn4i7gAavl4Xog4Q&oh=00_Af2O9E9cv0m_w2XZxXXAC-4uu--egeva29Zz4pO1fteELQ&oe=69EA9575;images/033.jpg
034;33720476790931350;TOP ASIMÉTRICO RIBETE CONTRASTE;7.99;sin_categoria;unisex;XS,S,M,L;M;True;https://scontent.fqsa1-1.fna.fbcdn.net/v/t45.5328-4/620655706_1410621523903188_1233969076788438680_n.jpg?_nc_cat=109&ccb=1-7&_nc_sid=c7e7b7&_nc_ohc=v-cFX5ZqzygQ7kNvwGLMzPF&_nc_oc=AdpXwVgSumNL9vfF23sSIxi03jkKhHewCI2WvV3JEK-ys3pjGZ24n2L1Ayxz2mpcaTE&_nc_zt=23&_nc_ht=scontent.fqsa1-1.fna&edm=ANyJclEEAAAA&_nc_gid=EATm5ibRuWfwfRxjlVRHaQ&_nc_tpa=Q5bMBQGPrvmmR8bL8cO7Qsbnr0fJnTLSd36G1hjBbRy4VHWvzmzk-DFAvvCUN0OpZBpTzfTlxe63YnGLXA&oh=00_Af2iJm6Pzw8xiOfcNfX59Oj0_cSfghesEcMjkHHV73ogQw&oe=69EA924A;images/034.jpg
035;33971599565771971;CAMISETA HOMBRERAS MANGA CORTA;7.99;sin_categoria;unisex;XS,S,M,L;M;True;https://scontent.fqsa1-1.fna.fbcdn.net/v/t45.5328-4/620631580_2035673577272911_4465821698463457679_n.jpg?_nc_cat=104&ccb=1-7&_nc_sid=c7e7b7&_nc_ohc=ufVxPvF1A84Q7kNvwFcqGvd&_nc_oc=Adpec5Cwtik8CCpdbC7wrSBW7EXZiLELnvisLow1F7Nd9QSl6g38uWgIB4Zptkh9i3M&_nc_zt=23&_nc_ht=scontent.fqsa1-1.fna&edm=ANyJclEEAAAA&_nc_gid=EATm5ibRuWfwfRxjlVRHaQ&_nc_tpa=Q5bMBQFfhdFwGt08judXaCdHPdNbG0QD5l8G_Qodx9Xh1UnPPZlGph2o3fN2nSKQBAe3NtjsekpS4otdPw&oh=00_Af3FjE-p5aEXD3AGdtxqipyDy0UKF58TaP4rmrdkTaq4PA&oe=69EA737E;images/035.jpg
036;34097045156553516;CAMISETA DE ALGODÓN LOGO;6.99;sin_categoria;unisex;XS,S,M,L;M;True;https://scontent.fqsa1-1.fna.fbcdn.net/v/t45.5328-4/619664481_1937114923537492_9024208076079580380_n.jpg?_nc_cat=101&ccb=1-7&_nc_sid=c7e7b7&_nc_ohc=vmsznYeZ2vQQ7kNvwHEUXrN&_nc_oc=AdqlD34YQNiR8nxPJR8-wDkWPoLwYAStlBYy5URhSoI0cs3qaXRZC6yGyt9T_qQEiB0&_nc_zt=23&_nc_ht=scontent.fqsa1-1.fna&edm=ANyJclEEAAAA&_nc_gid=EATm5ibRuWfwfRxjlVRHaQ&_nc_tpa=Q5bMBQFqwEv69shwEaoi3GqwdyDyFzqVpwNprPWrS4qyAYM3LbqBtAhDpaBRWEQC0VWvhJBTsXa9O2Uf4Q&oh=00_Af3N6bOEU9kCtBPELI-1qbq9UbQTsy6pPPtERoYTZbv8jQ&oe=69EA94ED;images/036.jpg
037;25435934449439316;VESTIDO CORTO HALTER;5.99;sin_categoria;unisex;XS,S,M,L;M;True;https://scontent.fqsa1-1.fna.fbcdn.net/v/t45.5328-4/620587090_25755809530746569_4047421754585401434_n.jpg?_nc_cat=109&ccb=1-7&_nc_sid=c7e7b7&_nc_ohc=2fe0F4iLleMQ7kNvwFy35FT&_nc_oc=AdoYai8s24rW_8F5p3u2tOQ2XyHY6_Mvwbj8rwYeKzlNKyPzoRC0yRdKhCO_6xVsexE&_nc_zt=23&_nc_ht=scontent.fqsa1-1.fna&edm=ANyJclEEAAAA&_nc_gid=EATm5ibRuWfwfRxjlVRHaQ&_nc_tpa=Q5bMBQEAHBdW0goqouZGefsU6m1wGgbU8i4dV5Gq2Nh52e5rgANDvo6iyXdzMtaMQhcrwskWlUhtjuaFBA&oh=00_Af2e7CHWbDHmuGofBo4hGmf4KJJKLpJfuPnI1HPtWCh8Kg&oe=69EA90FE;images/037.jpg
038;25474787365527035;VESTIDO TERCIOPELO CUELLO ESCOTADO;6.99;sin_categoria;unisex;XS,S,M,L;S;True;https://scontent.fqsa1-1.fna.fbcdn.net/v/t45.5328-4/621206247_873028078972177_7865843796815316266_n.jpg?_nc_cat=107&ccb=1-7&_nc_sid=c7e7b7&_nc_ohc=T-aksES5mWYQ7kNvwHZMuEs&_nc_oc=AdqUan0iCeKDR05jIqqeVBqllweD_jCy62qA6lKl1OUd8DvyDKmU1gbEtwMy3tbGmMM&_nc_zt=23&_nc_ht=scontent.fqsa1-1.fna&edm=ANyJclEEAAAA&_nc_gid=EATm5ibRuWfwfRxjlVRHaQ&_nc_tpa=Q5bMBQHY-deARin6OcRO3yl4kHdrRJwQzC72nv8sX6EI4oKA1_c8fajtMb9KyL9K9Yp3V5kcFBI4TFkyKA&oh=00_Af0nw5aRCmYmm_zIjvkrlYq6XMab-iQbZTl-2-KMDvn0nQ&oe=69EA96CD;images/038.jpg
039;25481784458160372;CHALECO TERCIOPELO CROP;4.99;sin_categoria;unisex;XS,S,M,L;M;True;https://scontent.fqsa1-1.fna.fbcdn.net/v/t45.5328-4/619645569_1197079718809630_2386288194561547573_n.jpg?_nc_cat=106&ccb=1-7&_nc_sid=c7e7b7&_nc_ohc=O07zCp-AvpYQ7kNvwG6dI3P&_nc_oc=AdpE9LQboV-UET-ea-zcfdpw4jhhwRgEBrVZrH6u0FeVTG3EWtb0oPDPCxxgPqgdEWU&_nc_zt=23&_nc_ht=scontent.fqsa1-1.fna&edm=ANyJclEEAAAA&_nc_gid=EATm5ibRuWfwfRxjlVRHaQ&_nc_tpa=Q5bMBQFEUXEytis-LFNd15ZcB2Pai9AaPRysX3pthTefVImLncFivgv4nExM4dZHloeSZcY4Wl04kzORzA&oh=00_Af3-if4AZoYQZY_mE9yCsnBMpbju1GHpYG2Aqyk1JzgLSg&oe=69EA7913;images/039.jpg
040;25561087733561037;CAMISETA ALGODÓN ESTAMPADO;5.99;sin_categoria;unisex;XS,S,M,L;S;True;https://scontent.fqsa1-1.fna.fbcdn.net/v/t45.5328-4/620164022_1994625881449542_3948651951388513891_n.jpg?_nc_cat=105&ccb=1-7&_nc_sid=c7e7b7&_nc_ohc=VMfybIEKOkcQ7kNvwH_ozA2&_nc_oc=AdpfR3rLIJlEVNfcDoDfcZmTcAlHNYgm1KuL9-3f5WTcNNfy_wQhS3c4M0ZxvTMnrQw&_nc_zt=23&_nc_ht=scontent.fqsa1-1.fna&edm=ANyJclEEAAAA&_nc_gid=EATm5ibRuWfwfRxjlVRHaQ&_nc_tpa=Q5bMBQGhP6sCDqtx-DrbbAbNO7h0ktl5IuDPiulgAIY2LbtwMQZ6hF-EEbEcrCRgot9mhcddI72WcrMsJA&oh=00_Af0qfpqidJWmCgXhuYw8cSMxfyJN_hviUGrWas-oMhT7iQ&oe=69EA7D36;images/040.jpg
041;25564059546596405;VESTIDO TIRANTES PUNTO;3.99;sin_categoria;unisex;XS,S,M,L;M;True;https://scontent.fqsa1-1.fna.fbcdn.net/v/t45.5328-4/620176171_25773212122298944_9041416436957418578_n.jpg?_nc_cat=100&ccb=1-7&_nc_sid=c7e7b7&_nc_ohc=mDD-oxXRZo4Q7kNvwGM9r6L&_nc_oc=AdoG8jzpUAT2YWH2xth_C5C2ZlpwmwOVTCmd04RWOBQN9l_L5x-0yG3hWqVtifeedAI&_nc_zt=23&_nc_ht=scontent.fqsa1-1.fna&edm=ANyJclEEAAAA&_nc_gid=EATm5ibRuWfwfRxjlVRHaQ&_nc_tpa=Q5bMBQGq5v0xM2rEc1HeYPoPoJN5jFmn1FSldsr4mnKZpr7QIS6099igGf5JVnc6QtFXZzih6JYa34h8IQ&oh=00_Af3mznCPnC-IlxWx9JB-AQKcYbf0D2tbyOKkxFy13ATKWA&oe=69EA99A0;images/041.jpg
042;25605151559140140;CAMISETA ALGODÓN LOGO;4.49;sin_categoria;unisex;XS,S,M,L;M;True;https://scontent.fqsa1-1.fna.fbcdn.net/v/t45.5328-4/621738191_1923752508566732_9095635975171467498_n.jpg?_nc_cat=109&ccb=1-7&_nc_sid=c7e7b7&_nc_ohc=kD4sIbf-hYsQ7kNvwHLrIy8&_nc_oc=AdpS5cNs2Z55AGYDbiz5ZHLw6UnRKrSWZR1Qw7ZPNO3y9PwXwK-qaV2PPMuUWQy0224&_nc_zt=23&_nc_ht=scontent.fqsa1-1.fna&edm=ANyJclEEAAAA&_nc_gid=EATm5ibRuWfwfRxjlVRHaQ&_nc_tpa=Q5bMBQFz55ecfxDuZxQcfg4xSzkFJIYlChAGWf66FGR9locezf6wogNhh_wpi2hTU_OpyrMCiSLiWpBvlg&oh=00_Af1VZwYlDy-CmrWIkrQzfLbO7t1Y-WWX6rQkKNZr7ZEDpg&oe=69EAA0A1;images/042.jpg
043;25609021748793371;BLUSA LENTEJUELAS HOMBROS DESCUBIERTOS;6.99;sin_categoria;unisex;XS,S,M,L;M;True;https://scontent.fqsa1-1.fna.fbcdn.net/v/t45.5328-4/619494854_1259733139306803_5329248183648440657_n.jpg?_nc_cat=109&ccb=1-7&_nc_sid=c7e7b7&_nc_ohc=tNvfQlsnhbUQ7kNvwEZZXYA&_nc_oc=Adpnq7clzF5w9W6BGI93BGPAbWUtx6L5lK7H48pHkQ9BaAXdhdGsCd4TvfA1tgOfM3c&_nc_zt=23&_nc_ht=scontent.fqsa1-1.fna&edm=ANyJclEEAAAA&_nc_gid=EATm5ibRuWfwfRxjlVRHaQ&_nc_tpa=Q5bMBQH1s3i5EA9K2gMLZo6gtJttuPkvL0yO9oQ3Bkjys-q9PhsDdAUBk5uPgiUC7QDLwVzaIqgMIZY_Bw&oh=00_Af3EjeJ0QsGVhLeNbNdL7JSNzphp4a1gYGoUIkNE4FWtuQ&oe=69EA8C46;images/043.jpg
044;25622553320738963;PASADOR LAZO BORDADO;1.99;sin_categoria;unisex;XS,S,M,L;Talla unica;True;https://scontent.fqsa1-1.fna.fbcdn.net/v/t45.5328-4/619645569_1156186356586069_8336054898777995357_n.jpg?_nc_cat=108&ccb=1-7&_nc_sid=c7e7b7&_nc_ohc=eIcgzhplBLIQ7kNvwE0zzUy&_nc_oc=Adr8G75kpOYhXgV2DF88j3RnkTkYCqZZcRpVQex3aFZX9JCvOgGD83vcoSASvXfhZhM&_nc_zt=23&_nc_ht=scontent.fqsa1-1.fna&edm=ANyJclEEAAAA&_nc_gid=EATm5ibRuWfwfRxjlVRHaQ&_nc_tpa=Q5bMBQGpSX1qw6CBzYx28uarBEsF_G5ctj2T-tJikh0L580uuTQWY1blE6gMehj7DfI3YSmjM3HPZ8FuYA&oh=00_Af355i_IsqPdMgA7CNikZiKma0WWuhNFJs3q67ND3bVqwQ&oe=69EA740F;images/044.jpg
045;25817166254586006;VESTIDO MIDI DETALLE DRAPEADO;4.99;sin_categoria;unisex;XS,S,M,L;S;True;https://scontent.fqsa1-1.fna.fbcdn.net/v/t45.5328-4/621069488_26072887545641952_4139218591392408389_n.jpg?_nc_cat=109&ccb=1-7&_nc_sid=c7e7b7&_nc_ohc=hvOBkqxmJCoQ7kNvwHYERgg&_nc_oc=AdqsCKnRY0A12uI1czzg7fXhIMGXx8lJyfmofa__8OIF44RViZcRdWv7FtuvlbemWz0&_nc_zt=23&_nc_ht=scontent.fqsa1-1.fna&edm=ANyJclEEAAAA&_nc_gid=EATm5ibRuWfwfRxjlVRHaQ&_nc_tpa=Q5bMBQGBYspdSolVcQnrmacqCYeW_-LkLQXFj3_hLC2NKfhgWSL-uzo2xDdCC7XCO9Hj3IlQ1wjJJx6S6g&oh=00_Af1aEOwV2Ckh6x07HPShaxAN7HBY8OgcnWkZB6ge0C2lWQ&oe=69EA80AC;images/045.jpg
046;25908666012101512;TOP SATINADO TIRANTES FINOS;6.99;sin_categoria;unisex;XS,S,M,L;M;True;https://scontent.fqsa1-1.fna.fbcdn.net/v/t45.5328-4/620055380_1454416106202540_7060514114324755357_n.jpg?_nc_cat=104&ccb=1-7&_nc_sid=c7e7b7&_nc_ohc=ckSMS9MyUDAQ7kNvwGix9Bw&_nc_oc=AdpjW3QwmOwptK3prb-bh3fGhK_45jEp1-BC2toWu2e3bpACaag4lah16t1SHqicX7Q&_nc_zt=23&_nc_ht=scontent.fqsa1-1.fna&edm=ANyJclEEAAAA&_nc_gid=EATm5ibRuWfwfRxjlVRHaQ&_nc_tpa=Q5bMBQFlhOTR9_fHLF6xZgSABNbGeT1gmK9NKehU3R_HLV-2MC56-sTlx-fXgsXSLQu5cli3Gf89vmkU9w&oh=00_Af11CyZB3sN41Gf5SY8bm3FV1iaQnszLmUXKF84vPyICYQ&oe=69EA8772;images/046.jpg
047;25917756987819223;TOP FRUNCIDO PALABRA DE HONOR;6.99;sin_categoria;unisex;XS,S,M,L;M;True;https://scontent.fqsa1-1.fna.fbcdn.net/v/t45.5328-4/621171559_997931033401604_1954402134760028166_n.jpg?_nc_cat=110&ccb=1-7&_nc_sid=c7e7b7&_nc_ohc=_Onf-qy4vjMQ7kNvwE5jnBf&_nc_oc=Adogk4Apx9cSDp-VT372iH2UmBfjdRXzmL-XJ9H2xZ4FB7FETCGKn0iqovjI1rI1qRA&_nc_zt=23&_nc_ht=scontent.fqsa1-1.fna&edm=ANyJclEEAAAA&_nc_gid=EATm5ibRuWfwfRxjlVRHaQ&_nc_tpa=Q5bMBQH7E-Ieu30oCOY17yryRXe-V1a1F23E4xSfcuM6aeFQqGeg_dh1sX6xE_9TgmnD8wVkPNB_tjbVYg&oh=00_Af1N-Hu3hWZikXIT1hkXFKlHgmEVWjmM0OyaSjM-XeQwEA&oe=69EA9D12;images/047.jpg
048;25931697119797925;CAMISETA CROP RAYAS;3.99;sin_categoria;unisex;XS,S,M,L;M;True;https://scontent.fqsa1-1.fna.fbcdn.net/v/t45.5328-4/619303872_2784989558530763_2885746838618758376_n.jpg?_nc_cat=103&ccb=1-7&_nc_sid=c7e7b7&_nc_ohc=yLV7U19x6GoQ7kNvwFtjM77&_nc_oc=AdpytZlxyhxjJc4wluHmB2Kje3Y9h54dzH-1ZY32wtvhmFhyb2y8GEi2WgVpaHk1COo&_nc_zt=23&_nc_ht=scontent.fqsa1-1.fna&edm=ANyJclEEAAAA&_nc_gid=EATm5ibRuWfwfRxjlVRHaQ&_nc_tpa=Q5bMBQGfTdut7UgJYr1sa_0kA-y_azItZvZyoCRl4v0qCLfrbBjEWUYYWD7blC9L1Tf0KoBNc6dbDT1ZLQ&oh=00_Af3ptSfbcfOsPDKrshPB2SRnFfUNQFctsbcsBYqWeStBug&oe=69EA7E35;images/048.jpg
049;26044964881808129;TOP SATINADO TIRANTES FINOS;6.99;sin_categoria;unisex;XS,S,M,L;M;True;https://scontent.fqsa1-1.fna.fbcdn.net/v/t45.5328-4/620669243_2037840493660541_6064277805827545825_n.jpg?_nc_cat=107&ccb=1-7&_nc_sid=c7e7b7&_nc_ohc=qJBEKEGiTwMQ7kNvwFPoAKv&_nc_oc=AdrU-BINIi2xZcNIfIwESjIuzk-arGvYCORoM8Pf30Q8LWvM8g-3-PAgyRy0sdJlltI&_nc_zt=23&_nc_ht=scontent.fqsa1-1.fna&edm=ANyJclEEAAAA&_nc_gid=EATm5ibRuWfwfRxjlVRHaQ&_nc_tpa=Q5bMBQHnt1F-jHnoFV87IYzSQLv6o27pxUnZTkZeVulmU73Dd856JACKjVARowMMjuS7Ii6QaXL2C-WnlA&oh=00_Af0hlVhAyvj1hoTsAphO76YFBLk9by16FFvRCHzxz4H5WQ&oe=69EA9FA5;images/049.jpg
050;26143200852035266;VESTIDO FORRO CORTO PALABRA DE HONOR;5.99;sin_categoria;unisex;XS,S,M,L;M;True;https://scontent.fqsa1-1.fna.fbcdn.net/v/t45.5328-4/620150793_902826922294983_2793670039815356417_n.jpg?_nc_cat=106&ccb=1-7&_nc_sid=c7e7b7&_nc_ohc=T5eirrqkUuoQ7kNvwGFvVNp&_nc_oc=AdqS134t35m0hYi3HMhQUD4GB4Ou06ADxbLYaxcA9gG5iswZHDK604qyPvPSXjZVXvo&_nc_zt=23&_nc_ht=scontent.fqsa1-1.fna&edm=ANyJclEEAAAA&_nc_gid=EATm5ibRuWfwfRxjlVRHaQ&_nc_tpa=Q5bMBQFpaTDW7Tde5FH8XwRle89D6d3Op9IrbWwxjoAeE41jK2XDKO_137-XVx_Z-Ge7E0asrIigizjNOA&oh=00_Af1XtnX9EPTBZ8DjEaIqrej8gSZovfldMQvcD_XHrratQA&oe=69EA8E63;images/050.jpg
051;26380574861591546;FUNDA PORTÁTIL LOGO;3.99;sin_categoria;unisex;XS,S,M,L;Talla unica;True;https://scontent.fqsa1-1.fna.fbcdn.net/v/t45.5328-4/620658852_1213147973655091_6077917351673880844_n.jpg?_nc_cat=108&ccb=1-7&_nc_sid=c7e7b7&_nc_ohc=CjHr5KU8BiAQ7kNvwFqi60f&_nc_oc=AdpnhootELkJWohY3Y9Sf-uvaTAKuuX-rzZqo0qTLNc5gE6-xaHiTGs-jFalS5VvqBs&_nc_zt=23&_nc_ht=scontent.fqsa1-1.fna&edm=ANyJclEEAAAA&_nc_gid=EATm5ibRuWfwfRxjlVRHaQ&_nc_tpa=Q5bMBQHROwGAg3kAr6VTEE6xycnfEarPwCvr1fe4GPELkLwM6cvk8invyWCjvWdQ8tWL7Wtf3Elvn8kkFg&oh=00_Af1wPfivN5AqInpWKQ4uzK0f-WZm346nnUhL_JoSQUcmSA&oe=69EA7695;images/051.jpg
052;26416294184638953;TOP PUNTO DETALLES CONTRASTE;7.99;sin_categoria;unisex;XS,S,M,L;M;True;https://scontent.fqsa1-1.fna.fbcdn.net/v/t45.5328-4/621672819_1947367182839059_4568786202038069259_n.jpg?_nc_cat=107&ccb=1-7&_nc_sid=c7e7b7&_nc_ohc=kH0Q1xrafTkQ7kNvwHt-85I&_nc_oc=AdpQnB9aFqqEtkYYsGEanFWvDHrsgB7QFOTHU1tMTPqjiQLUreZ0JGTE40x6rpRFkGs&_nc_zt=23&_nc_ht=scontent.fqsa1-1.fna&edm=ANyJclEEAAAA&_nc_gid=EATm5ibRuWfwfRxjlVRHaQ&_nc_tpa=Q5bMBQGQVwpuNl92ldkUH7jmh8nuXkDDmGQ9hBVSK3nU7gNDIPFvZTeLpDToHfU1u79edD39T2JLu34hBQ&oh=00_Af3ZxTdrCaUBVE8_I_H8hgUKD_s4-9VhU2rWfG9Shp2UHw&oe=69EA7C66;images/052.jpg
053;26426315570305196;CAMISETA ALGODÓN MENSAJE ESTAMPADO;5.99;sin_categoria;unisex;XS,S,M,L;S;True;https://scontent.fqsa1-1.fna.fbcdn.net/v/t45.5328-4/619625284_1212643407641564_4140116606913585603_n.jpg?_nc_cat=107&ccb=1-7&_nc_sid=c7e7b7&_nc_ohc=SpzmQGoh7r4Q7kNvwHLJWqd&_nc_oc=Adq4eYKnpst7Zpahpf25JJl4HYRFGH8mnpYOTFuh79_Q_QEqv7RKNyN0nFN_25Fhz8s&_nc_zt=23&_nc_ht=scontent.fqsa1-1.fna&edm=ANyJclEEAAAA&_nc_gid=EATm5ibRuWfwfRxjlVRHaQ&_nc_tpa=Q5bMBQHaD9r8f7VugoE3CU1-r6PvD4L8_0ibBWTFTXnluBC4AS7yzn38cz_9tm9XpikBiSrP8TOjPfaJZg&oh=00_Af2csxQJ7d0X6yN4D6oyWVttBRQrUGLaO-cctqD7pL6TCA&oe=69EA9EA2;images/053.jpg
054;33334067559575261;TOP BANDEAU RAYAS;3.99;sin_categoria;unisex;XS,S,M,L;M;True;https://scontent.fqsa1-1.fna.fbcdn.net/v/t45.5328-4/620449185_1428819818909780_3804902912252082985_n.jpg?_nc_cat=100&ccb=1-7&_nc_sid=c7e7b7&_nc_ohc=Fo4ADtiAZYAQ7kNvwE8QjYS&_nc_oc=AdoouJ1H_fYGJhAKhHeTrNfJ5X60f29Ecj7NKsTbPlzHfsJWghcCunjFMYKGHrQqQWM&_nc_zt=23&_nc_ht=scontent.fqsa1-1.fna&edm=ANyJclEEAAAA&_nc_gid=EATm5ibRuWfwfRxjlVRHaQ&_nc_tpa=Q5bMBQGlZRB1C974sgwMoeEXENPkwDTW5o2E9r49Lmpri9Wp1XWi69qw-hDTIZNPtmhs88afwz_xKOT0ng&oh=00_Af3Z61daxE_v01wZd_aGZ8zWnvH1IJZMHzypit5Ye_ijbQ&oe=69EA82B2;images/054.jpg
055;33933671879564375;CAMISA CROP RAYAS;6.99;sin_categoria;unisex;XS,S,M,L;M;True;https://scontent.fqsa1-1.fna.fbcdn.net/v/t45.5328-4/621171606_25717745981249520_2658482945731436438_n.jpg?_nc_cat=100&ccb=1-7&_nc_sid=c7e7b7&_nc_ohc=xkr8AzJgCXYQ7kNvwFlp18G&_nc_oc=Adq45_PrMzaPq_j2_moO82TP81TA3vOYR_LvG6gYjnznhHyDC5EugBYChsPEymiMgMw&_nc_zt=23&_nc_ht=scontent.fqsa1-1.fna&edm=ANyJclEEAAAA&_nc_gid=EATm5ibRuWfwfRxjlVRHaQ&_nc_tpa=Q5bMBQG2sONnK0UKYRlMIPXv7GkUlSOxDJM6MKtTa_haVmAYsNbun0npw8ZKHID3m2MBWmfp0wptE5tJ7g&oh=00_Af1srAi0MBjqzduL5KtGzqHXn01GlyrP_eaN0uakvM7eXw&oe=69EA9739;images/055.jpg
056;34010935948520240;VESTIDO ASIMÉTRICO STRASS;3.99;sin_categoria;unisex;XS,S,M,L;M;True;https://scontent.fqsa1-1.fna.fbcdn.net/v/t45.5328-4/621797796_2773641059647235_70708566136972096_n.jpg?_nc_cat=111&ccb=1-7&_nc_sid=c7e7b7&_nc_ohc=b4Nm3gyjqvgQ7kNvwF6Qfiw&_nc_oc=AdrCH5tpVo3I_pcZrYO9GILm6sJrNWUiFEJcIIx2t-cRD5oKXJ6Rgx2VKOPitCg58r0&_nc_zt=23&_nc_ht=scontent.fqsa1-1.fna&edm=ANyJclEEAAAA&_nc_gid=EATm5ibRuWfwfRxjlVRHaQ&_nc_tpa=Q5bMBQFKX3XOnA6KNQRFB-zk1sCay_0E8dT95QC_KrZC_KPDz_MCvb07wWe5r9sGBIIM_JQG0XGSz1ZcNg&oh=00_Af1pu5O6hM9_kHLpm_0VgjfTteqT2OXXrbPzZ-MDcjPLBQ&oe=69EAA484;images/056.jpg
057;34413606118238049;TOP TERCIOPELO ASIMÉTRICO STRASS;2.99;sin_categoria;unisex;XS,S,M,L;S;True;https://scontent.fqsa1-1.fna.fbcdn.net/v/t45.5328-4/620795619_1930981151144174_8280902045404174528_n.jpg?_nc_cat=109&ccb=1-7&_nc_sid=c7e7b7&_nc_ohc=ILT0GuistwsQ7kNvwH_eAHc&_nc_oc=AdoC0gzyLItUGs5_Ar_XKweRfkMxBfc-Jkkj44mojDHRBCvzzZ4qln0PhEIN5Mo-OXU&_nc_zt=23&_nc_ht=scontent.fqsa1-1.fna&edm=ANyJclEEAAAA&_nc_gid=EATm5ibRuWfwfRxjlVRHaQ&_nc_tpa=Q5bMBQGmxMrI1Fs1z9Ljgxt-mk6pVhRuwsAPev2QLZV9daMKqHsRXwx9GV4QpmEuaSDcf8utpIPF7_6ENA&oh=00_Af1miCBWmU3HpFbXAW7eQDc6mvVxu9-E9d0v9627G-GaNQ&oe=69EAA642;images/057.jpg
058;34642104878722178;VESTIDO PUNTO CORTO;3.99;sin_categoria;unisex;XS,S,M,L;S;True;https://scontent.fqsa1-1.fna.fbcdn.net/v/t45.5328-4/619465919_1175166021059225_6388915556910285752_n.jpg?_nc_cat=100&ccb=1-7&_nc_sid=c7e7b7&_nc_ohc=tGH6MEIduVwQ7kNvwHSwrKU&_nc_oc=Adr8LO2AzYZdR86ZDmdIGB87pNzsG10cwsDO99WahTK-5NM0nXpAPlEhId_NZahN8SQ&_nc_zt=23&_nc_ht=scontent.fqsa1-1.fna&edm=ANyJclEEAAAA&_nc_gid=EATm5ibRuWfwfRxjlVRHaQ&_nc_tpa=Q5bMBQFWzaRdK9AD0xsuWf3HOjHqpL3nJtqrNDdReevPsrNv6eH9dy4QR0ZR5R3XOCbyAQifWxZslQmdxw&oh=00_Af1TBXOn_w6pkpUfFYLjQYgcPrVGe3ww9YnOJDO97WCiPQ&oe=69EA86F4;images/058.jpg
059;34713987794867198;CAMISA RAYAS TEXTURA;5.99;sin_categoria;unisex;XS,S,M,L;S;True;https://scontent.fqsa1-1.fna.fbcdn.net/v/t45.5328-4/621165332_1547216379727014_5783489778020901634_n.jpg?_nc_cat=101&ccb=1-7&_nc_sid=c7e7b7&_nc_ohc=ehDGdRGmFXQQ7kNvwHP0rUS&_nc_oc=Adrj42IQajB9zprbqXvdrsqH87o6yhfsKjxvspZCBJEWig9PLxn_CKmI5DQi8lkjH90&_nc_zt=23&_nc_ht=scontent.fqsa1-1.fna&edm=ANyJclEEAAAA&_nc_gid=EATm5ibRuWfwfRxjlVRHaQ&_nc_tpa=Q5bMBQFhoYWSNY6sz2k1n-BUzAPdhXzlEqjHk334OkYoomDlBa2Zu5N2kRATskO3_QbH-WI7kI-ORK2ydw&oh=00_Af1pxE48jSYKTgWUge--jmNBpWaAGZ2JTVewFf5Ck7A0IA&oe=69EA80E9;images/059.jpg
060;25545259995132401;CAMISETA DOBLE EL JUEGO DEL CALAMAR;7.79;sin_categoria;unisex;XS,S,M,L;M;False;https://scontent.fqsa1-1.fna.fbcdn.net/v/t45.5328-4/621833817_1531482244608933_8513132199087346184_n.png?_nc_cat=100&ccb=1-7&_nc_sid=c7e7b7&_nc_ohc=hPs2BDHL27AQ7kNvwFR5xqM&_nc_oc=AdqM8KwWqj7npbf8HSSJz2l8UmWqgTqfHEnKH4HfVAXXKEeXDuS5lyEDVPSYidaU_hk&_nc_zt=23&_nc_ht=scontent.fqsa1-1.fna&edm=ANyJclEEAAAA&_nc_gid=EATm5ibRuWfwfRxjlVRHaQ&_nc_tpa=Q5bMBQH49CZSJ-2wr6oncmi1SBG9hYrDIZlUhtZHK-1sqTrcECNfJRE_CPp4DU3v5OPewDtAE8DaDVV73A&oh=00_Af2D_HKicQRa2lZc1ExTwmiVvgqlPGO-8RYH0fMDJgH07Q&oe=69EAA89F;images/060.jpg
061;25884631481167321;CAMISETA HONDA CIVIC;5.39;sin_categoria;unisex;XS,S,M,L;S;False;https://scontent.fqsa1-1.fna.fbcdn.net/v/t45.5328-4/622292149_861493353428258_1231551879930501229_n.png?_nc_cat=106&ccb=1-7&_nc_sid=c7e7b7&_nc_ohc=GfNsNtb_gCoQ7kNvwGTIssx&_nc_oc=Adq47761LH32flJaOmDDJb8rOoJVCFEKcuLKgNsJjdHuKf0qgPkYMl33caH3ky-ZuRI&_nc_zt=23&_nc_ht=scontent.fqsa1-1.fna&edm=ANyJclEEAAAA&_nc_gid=EATm5ibRuWfwfRxjlVRHaQ&_nc_tpa=Q5bMBQEVkNBggZG8ecJbmOacDDMH30T0bL96Epni0EuyQDPen1Dl-nscv2bZd-ralRBu0Fz2W9NpgfOG1Q&oh=00_Af0SQ850DsB9cc5k_cG6-qyg5-a9wxlKXPjrhRPvCw0hWQ&oe=69EA73DA;images/061.jpg
062;25667704766172587;CAMISETA VERDE TEXTO;3.89;sin_categoria;unisex;XS,S,M,L;S;False;https://scontent.fqsa1-1.fna.fbcdn.net/v/t45.5328-4/620460146_1214297670197581_3482261573683321613_n.png?_nc_cat=100&ccb=1-7&_nc_sid=c7e7b7&_nc_ohc=PrTWu1KTjvUQ7kNvwEG8m_L&_nc_oc=Adqan8NjVeM_yYvWcy_41DOL87s1zE4WjE7WY6KTQ0rrT5_ayUD2agDZKPcmH2loHFg&_nc_zt=23&_nc_ht=scontent.fqsa1-1.fna&edm=ANyJclEEAAAA&_nc_gid=EATm5ibRuWfwfRxjlVRHaQ&_nc_tpa=Q5bMBQETrMV8Z0We1U9c3qPveurIPU1puDsx9YykvfRjP8CT4aDmi1XirfBds2mv2xvYWarS3btnJNIE_Q&oh=00_Af3uouP08h8T0ocU5eWyDeKxI-xKc2478ccYHtlTiy71SA&oe=69EAA109;images/062.jpg
063;25672186162410693;CAMISETA POLIAMIDA MANGA CORTA;2.69;sin_categoria;unisex;XS,S,M,L;L;False;https://scontent.fqsa1-1.fna.fbcdn.net/v/t45.5328-4/620218117_780038094444161_2708108003973773492_n.png?_nc_cat=103&ccb=1-7&_nc_sid=c7e7b7&_nc_ohc=GQLvjJZkNQoQ7kNvwHmj9Jf&_nc_oc=AdqPTybhZBChIrCLdn4e-ZWgk-HOSBrp0Hf5tYDFH0eBeBcHbYAgT6FFmSMUglIIKCg&_nc_zt=23&_nc_ht=scontent.fqsa1-1.fna&edm=ANyJclEEAAAA&_nc_gid=EATm5ibRuWfwfRxjlVRHaQ&_nc_tpa=Q5bMBQE1qtH7OBBQaUMq0-umdtg1X-xY1ZE1bNmx1DUmP6wCjNNRQlpCkx30tTMHDV_R6S0IQOfEtJht4Q&oh=00_Af3ZnZKM4sxi01v6-hZOKm74F1OYuu-bEr41WSMDTsRo4Q&oe=69EA880F;images/063.jpg
064;25488213340801568;FUNDA IPHONE ACOLCHADA STWD;2.39;sin_categoria;unisex;XS,S,M,L;14 Pro;False;https://scontent.fqsa1-1.fna.fbcdn.net/v/t45.5328-4/622085504_26156650850599026_1116677950360580102_n.png?_nc_cat=104&ccb=1-7&_nc_sid=c7e7b7&_nc_ohc=0dFxGF0q2y0Q7kNvwGC-GnG&_nc_oc=AdqBxOnzsg-yPxb4xgZPYKAlKQWJEBpjHGFXxdYITJbW2ksEOR6j78LQncYzueH2MYg&_nc_zt=23&_nc_ht=scontent.fqsa1-1.fna&edm=ANyJclEEAAAA&_nc_gid=EATm5ibRuWfwfRxjlVRHaQ&_nc_tpa=Q5bMBQGItUR1qSgoxI1qpWu34Ae0NJrLzDuE2jHQ1eANlJgDxcCwNi3YK_eabrK0kPh6MlOmaMRb4DRUtQ&oh=00_Af3c7JOq5oat7EkkdTe3QjWISuElZ6Zq-Entc5o9f0SqUQ&oe=69EA7F88;images/064.jpg
065;26324815610456371;CAMISA MANGA CORTA CORTA RAYAS STWD;15.58;sin_categoria;unisex;XS,S,M,L;L;False;https://scontent.fqsa1-1.fna.fbcdn.net/v/t45.5328-4/622298061_1519267793247524_2792365882469499971_n.png?_nc_cat=101&ccb=1-7&_nc_sid=c7e7b7&_nc_ohc=YBfFnisIQL8Q7kNvwHIyAsI&_nc_oc=AdqgXr81qhcGUxn0Ijl4w4ZRSx9gcTpryvydp3codlqrsLO7CRZ5-_Yfu__3HwLHeyY&_nc_zt=23&_nc_ht=scontent.fqsa1-1.fna&edm=ANyJclEEAAAA&_nc_gid=EATm5ibRuWfwfRxjlVRHaQ&_nc_tpa=Q5bMBQGSBKg_oK7WuSo93TnxF4CoOhTtIUvFev0-92J01LnN7xKwU9XhKhLyMcwKcygLKEgv5fxsS4yaiQ&oh=00_Af231Kv7Kf4TKp604NR8nevc8Pc3aGlqA4TQK5Pjgwqw-Q&oe=69EAA7C1;images/065.jpg
066;25580692341631535;CAMISETA MANGA CORTA ESTRUCTURADA;11.67;sin_categoria;unisex;XS,S,M,L;S;False;https://scontent.fqsa1-1.fna.fbcdn.net/v/t45.5328-4/621736884_1219203569720137_8826603289753682922_n.png?_nc_cat=100&ccb=1-7&_nc_sid=c7e7b7&_nc_ohc=CyN4cJuYi3oQ7kNvwF__d4n&_nc_oc=AdpTzy13822gS3sxA3ooORzKbFi0D22qDJvJjeR4TCnUUVy_sZgWPS99w6NFZPJKvp8&_nc_zt=23&_nc_ht=scontent.fqsa1-1.fna&edm=ANyJclEEAAAA&_nc_gid=EATm5ibRuWfwfRxjlVRHaQ&_nc_tpa=Q5bMBQGHhAlwDPsnSD7op5goD9R5LPbCNtsZmE-6DfJUg9pbLfQXKeG63co4fFHeMfIcrVp0eNuS0dJOSw&oh=00_Af0-_EIdRZwwYXSWIjbL240VonMhTCBmmcFf2JMN7e7CnA&oe=69EA8DDD;images/066.jpg
067;26018417797791930;CAMISETA HEAVY WEIGHT;7.78;sin_categoria;unisex;XS,S,M,L;M;False;https://scontent.fqsa1-1.fna.fbcdn.net/v/t45.5328-4/620164686_1969915650260140_4433383817824045015_n.png?_nc_cat=104&ccb=1-7&_nc_sid=c7e7b7&_nc_ohc=o3oNqidPsl4Q7kNvwGdqIaq&_nc_oc=AdqVYZzRvZv28IvZT3FPQtkUrVqIpgPPJPOH1VQU7IulUgu3uv2K7k3olozHk4GxXSM&_nc_zt=23&_nc_ht=scontent.fqsa1-1.fna&edm=ANyJclEEAAAA&_nc_gid=EATm5ibRuWfwfRxjlVRHaQ&_nc_tpa=Q5bMBQHePScrte-ESa79ZmArNRRsU7D-ff3dE2MotpsCrYSsEoWZWhFQH1qzsSgru63yujx0GEAkasznag&oh=00_Af0wD_4D8m8p_ycqTTdEDGlrOlbG4gqMblI-_exFDNReAg&oe=69EA8A00;images/067.jpg
068;25645315658450664;CROP TOP TIRANTES;2.09;sin_categoria;unisex;XS,S,M,L;S;False;https://scontent.fqsa1-1.fna.fbcdn.net/v/t45.5328-4/620158357_1593125255151189_4634936601410873573_n.png?_nc_cat=103&ccb=1-7&_nc_sid=c7e7b7&_nc_ohc=hXbw5XgmUkgQ7kNvwGKufZf&_nc_oc=AdpU5UTCHgqImHcKZu9wjtryrZdfg7Xa5NZHLywrbqRPwutWHd6OVLFMKahCumPfslw&_nc_zt=23&_nc_ht=scontent.fqsa1-1.fna&edm=ANyJclEEAAAA&_nc_gid=EATm5ibRuWfwfRxjlVRHaQ&_nc_tpa=Q5bMBQFUIz6hvogzqyOMb79b3Lba13OZVpa_PNsp3DH3R3srpIv94zweHVbtv3Su5rV5CKob1uJWnC0bwA&oh=00_Af3x-nRDdQZKCHJiCHotK1-t_ow0UJR0z4vfxpN7yWsAtg&oe=69EAAA49;images/068.jpg
069;24195538580144023;CAMISETA VARSITY 50TH ANNIVERSARY;4.78;sin_categoria;unisex;XS,S,M,L;M;True;https://scontent.fqsa1-1.fna.fbcdn.net/v/t45.5328-4/628367530_1652449399539185_2897477595892199701_n.jpg?_nc_cat=105&ccb=1-7&_nc_sid=c7e7b7&_nc_ohc=PdMYmZN_FREQ7kNvwGebO0Q&_nc_oc=AdoUO9GkYUq2VH79-SEAuj9G_JjTs-TAH1R6zid31YGl29o2IDD6C63gDEVQIw5A1Fo&_nc_zt=23&_nc_ht=scontent.fqsa1-1.fna&edm=ANyJclEEAAAA&_nc_gid=EATm5ibRuWfwfRxjlVRHaQ&_nc_tpa=Q5bMBQH8kzVNEqF6cewmt1K4UjIYW48sb60jZ7hlc6QsYFuCGeAnIQzCv6zYW-qYOxeUUCwZPLWrhTyqgg&oh=00_Af2vdfNMyp6Vw0uvL7NY0Lfp6Dp2-kQOBw2BpDTKBy373Q&oe=69EA79D3;images/069.jpg
070;24951030314573901;CAMISETA EFECTO LAVADO CARE BEARS;5.38;sin_categoria;unisex;XS,S,M,L;M;True;https://scontent.fqsa1-1.fna.fbcdn.net/v/t45.5328-4/626033073_915191587648939_1766594150850011252_n.jpg?_nc_cat=101&ccb=1-7&_nc_sid=c7e7b7&_nc_ohc=ds9l1mtYB5AQ7kNvwHF2AJP&_nc_oc=AdraTLk3geTFEsu710iKyQ3UDtHExQS6bIRJfGpbjlE7Z-rNJxDETgZ3RyZ-HEMJbQk&_nc_zt=23&_nc_ht=scontent.fqsa1-1.fna&edm=ANyJclEEAAAA&_nc_gid=EATm5ibRuWfwfRxjlVRHaQ&_nc_tpa=Q5bMBQEF8PC4ZYxV_PpDENr39qNmRg_g2jRkSMSEkwOnyHtZS-vns0V_bWEnyWdczpdaevZ91WYQvbS-BQ&oh=00_Af0Kv0mLkgOw0PluaF5LnQxBep6ZkhcfoqWrOS5zEHzygg&oe=69EAA118;images/070.jpg
071;25202028322808901;CAMISETA FLOR VOLUMEN;5.98;sin_categoria;unisex;XS,S,M,L;S;True;https://scontent.fqsa1-1.fna.fbcdn.net/v/t45.5328-4/627056951_1358598799645210_7305261580309208301_n.jpg?_nc_cat=108&ccb=1-7&_nc_sid=c7e7b7&_nc_ohc=jFVelvFHUmQQ7kNvwEiHo6k&_nc_oc=Adq0OrALMOf1et3HTuv0vSeITwtxYEKSNb4SsXWZaC1iTqeGwJRMY2dscioSDE5rgE0&_nc_zt=23&_nc_ht=scontent.fqsa1-1.fna&edm=ANyJclEEAAAA&_nc_gid=EATm5ibRuWfwfRxjlVRHaQ&_nc_tpa=Q5bMBQENxcyhDm_IL4EHFb5pZCnWin4_UChASggde5SFwvaACXd3fXwGKmRh_cVfVTnIhvoLgv7il7mOYw&oh=00_Af13A9nbKY0VJcAo5D7ZTDOYqSHKKmiAqlQksrG-5-HF_A&oe=69EA8670;images/071.jpg
072;25409450852084008;VESTIDO SARGA CRUZADO;8.39;sin_categoria;unisex;XS,S,M,L;S;True;https://scontent.fqsa1-1.fna.fbcdn.net/v/t45.5328-4/627677411_876574868348605_8075775387363957585_n.jpg?_nc_cat=108&ccb=1-7&_nc_sid=c7e7b7&_nc_ohc=UlOO9v0ukiEQ7kNvwF8J40O&_nc_oc=Adp_JBHPPiiPNd1HhLIsWnnSHUsHMvbtwOj7TmW9OHoAtib5riBLZ80pJmLZ_y0paJo&_nc_zt=23&_nc_ht=scontent.fqsa1-1.fna&edm=ANyJclEEAAAA&_nc_gid=EATm5ibRuWfwfRxjlVRHaQ&_nc_tpa=Q5bMBQGYGLw3qw_20kKQZzZGCWuFXnPXLmeYsK_g3KQPoq3isRRF7-_EcfTYdoGVB31_cff9TqwuNnlFZw&oh=00_Af2HgfJa-LVAab9UZWrDR6SGjly9vXbDz1rDez4YU7pOhQ&oe=69EA9869;images/072.jpg
073;25446699838364692;TOP FORNITURA PICUETA;4.78;sin_categoria;unisex;XS,S,M,L;S;True;https://scontent.fqsa1-1.fna.fbcdn.net/v/t45.5328-4/627107489_2627875837585266_1616178842530719525_n.jpg?_nc_cat=105&ccb=1-7&_nc_sid=c7e7b7&_nc_ohc=8zjC24e2I7cQ7kNvwFjzQYL&_nc_oc=AdpyTudWlzYa5QHwqo43cutYjNI7V1ycmlOmxX_rqdb668-GJJPhbxgwWWQPbn0phf4&_nc_zt=23&_nc_ht=scontent.fqsa1-1.fna&edm=ANyJclEEAAAA&_nc_gid=EATm5ibRuWfwfRxjlVRHaQ&_nc_tpa=Q5bMBQHz9UKolXz9p30PXSZK8OlJndos5NXSLLTaMij2gF4avGOUZlrNfTNbLIGzTwH5OmNVIOykPH7maw&oh=00_Af2BZ067arQrqQ-h2RQWJOtExruhM2W8FluB8zSXxzqEGw&oe=69EA9255;images/073.jpg
074;25447373358275345;CAMISETA FLOR VOLUMEN;5.98;sin_categoria;unisex;XS,S,M,L;S;True;https://scontent.fqsa1-1.fna.fbcdn.net/v/t45.5328-4/626286313_1434029438294039_4264231328597168919_n.jpg?_nc_cat=110&ccb=1-7&_nc_sid=c7e7b7&_nc_ohc=MhaLwyjhelYQ7kNvwFjTPe5&_nc_oc=AdoLGXDFeHwpS6DU0UU9Zb-AhPPAmWZca644bSL5vaQbyF9SDc5umlaYA0PS_QdsW2A&_nc_zt=23&_nc_ht=scontent.fqsa1-1.fna&edm=ANyJclEEAAAA&_nc_gid=EATm5ibRuWfwfRxjlVRHaQ&_nc_tpa=Q5bMBQHNkDr_GrIDZFpmN8Q-kqcWjPIu7ff4B3ATM3o_7hArMZQXdjSdqIHVReAsdSCBBBWpYylVIlgKcg&oh=00_Af1uMDOC_WTArxAynAdTQ0A6sz1mxgBoo7TVpc2CQt2h_A&oe=69EA7E63;images/074.jpg
075;25717898661206744;CAMISA FLUIDA BOLSILLO;6.88;sin_categoria;unisex;XS,S,M,L;S;True;https://scontent.fqsa1-1.fna.fbcdn.net/v/t45.5328-4/629945813_920861800282497_7043489799808808910_n.jpg?_nc_cat=111&ccb=1-7&_nc_sid=c7e7b7&_nc_ohc=MuL9ANCRX8YQ7kNvwGkgCE0&_nc_oc=Adq0oSouv9gVVicxpHBh6EMXYW_pAYCWrNXOm6RkNrvxM0ZQkw8YCy48eV1qCwtniYo&_nc_zt=23&_nc_ht=scontent.fqsa1-1.fna&edm=ANyJclEEAAAA&_nc_gid=EATm5ibRuWfwfRxjlVRHaQ&_nc_tpa=Q5bMBQFA1gtTwZfXEfdVr23Uffn8xhM7LdUKSQjmx3R4TosRlXB53-7gVLaAxLsj-iXPkirl3KtXhzZuLw&oh=00_Af0TnexcsxhSV2rOQMcmOr7lJwxd9sLuIX8-hWUh4lttqg&oe=69EA7334;images/075.jpg
076;25735006256163884;VESTIDO PALABRA DE HONOR;8.39;sin_categoria;unisex;XS,S,M,L;M;True;https://scontent.fqsa1-1.fna.fbcdn.net/v/t45.5328-4/626291486_1609265883454286_652758996128961693_n.jpg?_nc_cat=111&ccb=1-7&_nc_sid=c7e7b7&_nc_ohc=dkkEH7Rq0S4Q7kNvwHuH1Ze&_nc_oc=AdpKR3UX21TH454yUoDBpYJtQ-r1vQ5zB5RnwB0nIA6lhn1EoiTuWSXAY1BKEFrkJFw&_nc_zt=23&_nc_ht=scontent.fqsa1-1.fna&edm=ANyJclEEAAAA&_nc_gid=EATm5ibRuWfwfRxjlVRHaQ&_nc_tpa=Q5bMBQF9W2nC0ackLDpc9z4nEjAegZdr_ZHSmYYYI0uC__0U0j_Hnwhw1MgJhX-qMt48tF_zsH4T4YJaGA&oh=00_Af1Uyl8_xSYaKP-qPM3NGknz_ZeMu1Ti-gwbd6J4eXQcbA&oe=69EAA2A0;images/076.jpg
077;25739947929002932;CAMISETA VARSITY 50TH ANNIVERSARY;4.78;sin_categoria;unisex;XS,S,M,L;S;True;https://scontent.fqsa1-1.fna.fbcdn.net/v/t45.5328-4/629327794_1431311338462336_4560016367719962064_n.jpg?_nc_cat=103&ccb=1-7&_nc_sid=c7e7b7&_nc_ohc=773WZAm2YhQQ7kNvwGX1eQC&_nc_oc=AdqagTQc3TLQAIlomjFkldPnfTJgmeJd8DX8LMPyb-p-ElTKXe0jFGkRxPtjVoN58lo&_nc_zt=23&_nc_ht=scontent.fqsa1-1.fna&edm=ANyJclEEAAAA&_nc_gid=EATm5ibRuWfwfRxjlVRHaQ&_nc_tpa=Q5bMBQFKd6vJU2MI2vnsdN9HhfZowYaXkOfv94cGprxfbIyVgbOxhh11Z8ctwjjZspWeyr7VJxGyHAVc5A&oh=00_Af0QqsI_BBLGSG0P0_kzqVViBFYgSYYyJQWxcNbnYu9ZKw&oe=69EA84C7;images/077.jpg
078;25773706742238551;CAMISETA EFECTO LAVADO TEXAS;4.78;sin_categoria;unisex;XS,S,M,L;M;True;https://scontent.fqsa1-1.fna.fbcdn.net/v/t45.5328-4/628197216_2441533976302160_1641324002774541184_n.jpg?_nc_cat=106&ccb=1-7&_nc_sid=c7e7b7&_nc_ohc=44jalSyCkzwQ7kNvwHrFBx_&_nc_oc=AdrAR2zHoULB43K7hjc-FpYgJotOJtedn91XLbhG8C7jaA3eS_MEtVP8WkPCbQXkjdU&_nc_zt=23&_nc_ht=scontent.fqsa1-1.fna&edm=ANyJclEEAAAA&_nc_gid=EATm5ibRuWfwfRxjlVRHaQ&_nc_tpa=Q5bMBQF5daKKWcJ6SzKQYWxw2ADLtG1r_voqrG5gkyjFz4mBCNrYkBWoXtObBlGVmvXDqmxT0vWNDLAirg&oh=00_Af1WYo96-yb2zATZhcLlqqSvtwcV59rj8wO7sFihtIRXyw&oe=69EA97D7;images/078.jpg
079;25822548267410345;CAMISA CROP POPELÍN;5.98;sin_categoria;unisex;XS,S,M,L;M;True;https://scontent.fqsa1-1.fna.fbcdn.net/v/t45.5328-4/626327880_1664317367884755_1228384886876017004_n.jpg?_nc_cat=110&ccb=1-7&_nc_sid=c7e7b7&_nc_ohc=ZkVKZgNRIbkQ7kNvwHG3krh&_nc_oc=Adr31hEqtIpAtUvKH5VeZZyFeHxpRBmGivfZZUzyNRLBstHOSFGYfTG34NEGkVSmgkY&_nc_zt=23&_nc_ht=scontent.fqsa1-1.fna&edm=ANyJclEEAAAA&_nc_gid=EATm5ibRuWfwfRxjlVRHaQ&_nc_tpa=Q5bMBQEAkT2RnwieXpi-KFo_IailO54t6SKCanRLToV-l-fiRLI1rBoRZnLybeHRgZP7uw_B4bK7n7SCIw&oh=00_Af1HnzEu1f4qjR_GPA7WoTF_blgarneEurXoaBvt0yR9vw&oe=69EA7FD4;images/079.jpg
080;25923594183930244;CAMISETA TEXTO BORDADO;4.78;sin_categoria;unisex;XS,S,M,L;S;True;https://scontent.fqsa1-1.fna.fbcdn.net/v/t45.5328-4/629454079_1595660048308842_6810936655826877752_n.jpg?_nc_cat=104&ccb=1-7&_nc_sid=c7e7b7&_nc_ohc=y1BNGH2DsjYQ7kNvwGxjVd6&_nc_oc=AdrvsM6A8PsK2BvNdUOhVwlCFxiunsLOU_Nx58qRVMBAnAEcpg1XcVKhap7BO7dSy2Q&_nc_zt=23&_nc_ht=scontent.fqsa1-1.fna&edm=ANyJclEEAAAA&_nc_gid=EATm5ibRuWfwfRxjlVRHaQ&_nc_tpa=Q5bMBQFCjx8IeIOxKmNy9RHDFc1yRqsCv01Vnu85y6biVx6CAFkayOIx8zAXAKbyqbwuAt5DYZQq2R51uw&oh=00_Af0BM_CLnUpXLC7cAN4GWbH4yCEyyBPIa27r9yoYb9XC-A&oe=69EA96A8;images/080.jpg
081;25944715865216782;TOP TEXTURA VOLANTES;3.88;sin_categoria;unisex;XS,S,M,L;M;True;https://scontent.fqsa1-1.fna.fbcdn.net/v/t45.5328-4/629410995_1409197360063162_7219996388075177340_n.jpg?_nc_cat=105&ccb=1-7&_nc_sid=c7e7b7&_nc_ohc=ARRkcnYHeYwQ7kNvwEUcQXz&_nc_oc=AdpAln7Jwp1CSj1KadWKIMm8p3dPvmehfcPDWMyTihatU6H7X833pQOYwhuuo4j1ABY&_nc_zt=23&_nc_ht=scontent.fqsa1-1.fna&edm=ANyJclEEAAAA&_nc_gid=EATm5ibRuWfwfRxjlVRHaQ&_nc_tpa=Q5bMBQHNjN4UHAQgggmYLTgfyisa_Nc6hVrgPBcpRiBWH4MMn1epzUAYp9uGstKy1SVpIBEWu4Uk0SNong&oh=00_Af3sY_8DpbGWYHheWS5Tj5gZPz5l8Ci8-x6xfUk4wXpfWQ&oe=69EA9300;images/081.jpg
082;25983928951295012;CAMISA MANGA CORTA LAZOS CON RAMO;5.19;sin_categoria;unisex;XS,S,M,L;M;True;https://scontent.fqsa1-1.fna.fbcdn.net/v/t45.5328-4/627722021_1192305013072379_2984910105043814666_n.jpg?_nc_cat=109&ccb=1-7&_nc_sid=c7e7b7&_nc_ohc=CztAdvv_IEEQ7kNvwHn4J5l&_nc_oc=Adrri_8IPsynq-_psURI9nwoEOV84MTVsZZlTyjT1xn1713QqxceiLS6-ZJhRzc9SvQ&_nc_zt=23&_nc_ht=scontent.fqsa1-1.fna&edm=ANyJclEEAAAA&_nc_gid=EATm5ibRuWfwfRxjlVRHaQ&_nc_tpa=Q5bMBQGa1M5Hkup-UUq6QfjohxbDZxKX_k-3CXWiPWxPkxc4qtD3RM9xF33mnxRwTVz8MOsaeTqK7cwb2Q&oh=00_Af1M0c0vMfl5jfeJfzfFgPGNOFzaM-xYSo_gI87KWOypEA&oe=69EA953D;images/082.jpg
083;26010962778593222;CAMISETA VARSITY 50TH ANNIVERSARY;4.78;sin_categoria;unisex;XS,S,M,L;M;True;https://scontent.fqsa1-1.fna.fbcdn.net/v/t45.5328-4/629327794_1431311338462336_4560016367719962064_n.jpg?_nc_cat=103&ccb=1-7&_nc_sid=c7e7b7&_nc_ohc=773WZAm2YhQQ7kNvwGX1eQC&_nc_oc=AdqagTQc3TLQAIlomjFkldPnfTJgmeJd8DX8LMPyb-p-ElTKXe0jFGkRxPtjVoN58lo&_nc_zt=23&_nc_ht=scontent.fqsa1-1.fna&edm=ANyJclEEAAAA&_nc_gid=EATm5ibRuWfwfRxjlVRHaQ&_nc_tpa=Q5bMBQE-PRpC-_M2wWlXwUBo7BYCCxSv_-9XJ9nLXPW19Cn2Kyhf-Pou2uuf4MWT1juwkl4lpsDdCQptfQ&oh=00_Af0AI4CrCQONtZgUilFKGqv6Cv-kmhl5227WovIZSunTtw&oe=69EA84C7;images/083.jpg
084;26146619531636891;TOP LAZOS;5.98;sin_categoria;unisex;XS,S,M,L;M;True;https://scontent.fqsa1-1.fna.fbcdn.net/v/t45.5328-4/629327794_4164075577175954_903629481865751841_n.jpg?_nc_cat=102&ccb=1-7&_nc_sid=c7e7b7&_nc_ohc=6WXfBPldYPQQ7kNvwHaUBOe&_nc_oc=AdpJx7WyXUgbt28Uhp6Jvfkzb7JZybnb2APzkSSqd9aY1F-pFWtKhGwfzrAmM4ab61s&_nc_zt=23&_nc_ht=scontent.fqsa1-1.fna&edm=ANyJclEEAAAA&_nc_gid=EATm5ibRuWfwfRxjlVRHaQ&_nc_tpa=Q5bMBQGgKS2HYA5vYVqk1YPS7MEECeFFnDyKbMTrvSSW57Zt0Z0EVTz3Np8ONrtoSFL0-DgCfIaYdLq7nA&oh=00_Af2v_6SQnn6JjDJwIUeOlO8Rq0M6JPjJDbl28UtwIvEjLQ&oe=69EA9B99;images/084.jpg
085;26200334492893656;TOP PALABRA DE HONOR LAZO;5.98;sin_categoria;unisex;XS,S,M,L;M;True;https://scontent.fqsa1-1.fna.fbcdn.net/v/t45.5328-4/627527965_1463562325197961_1953888510357436762_n.jpg?_nc_cat=107&ccb=1-7&_nc_sid=c7e7b7&_nc_ohc=xOtFWhF9USQQ7kNvwF8Pnu5&_nc_oc=AdpsSep_ZuFbHR5gzbz0tUOTD5QQJNEfYf6QOWK6MlCeb0yWhVGJ8Y0TxrhhxJq7CWk&_nc_zt=23&_nc_ht=scontent.fqsa1-1.fna&edm=ANyJclEEAAAA&_nc_gid=EATm5ibRuWfwfRxjlVRHaQ&_nc_tpa=Q5bMBQHT1l2p-jGDQ_mMiiJDDXBTrWGUtg7qlDZdQ6VTOW2IJ7RrTIVzAmIUAID_VgQTvmzkVqZhEjqtLg&oh=00_Af1vOCsb5PHaG_6tp515q7sqkcYV4nFOMpKy73QR7lelXw&oe=69EA8B1B;images/085.jpg
086;26212973234987572;TOP ASIMÉTRICO FRUNCES;5.38;sin_categoria;unisex;XS,S,M,L;M;True;https://scontent.fqsa1-1.fna.fbcdn.net/v/t45.5328-4/626150818_836542389340157_851560961829344489_n.jpg?_nc_cat=110&ccb=1-7&_nc_sid=c7e7b7&_nc_ohc=GCCIIlrvJI4Q7kNvwGLPmMd&_nc_oc=AdomhKmALbZyfYgdTQtWsf8KBxfOr3xfZ1OhPup1Lz1vD52O06c0zrZxmdv_KMhO5PU&_nc_zt=23&_nc_ht=scontent.fqsa1-1.fna&edm=ANyJclEEAAAA&_nc_gid=EATm5ibRuWfwfRxjlVRHaQ&_nc_tpa=Q5bMBQEWbWssaQca8wlzDrrLXUYrHX9GrbPfX7Lx3uuaG9SWpApmgqydW0JSZuiOyN3q7YSJkCIDHQE_Ow&oh=00_Af2gZqKVEd8jJAUdKzj93GK3rQ-mblx8lUbFwV6uouFaGw&oe=69EA81EA;images/086.jpg
087;26389320907332139;CAMISETA VARSITY 50TH ANNIVERSARY;4.78;sin_categoria;unisex;XS,S,M,L;S;True;https://scontent.fqsa1-1.fna.fbcdn.net/v/t45.5328-4/628367530_1652449399539185_2897477595892199701_n.jpg?_nc_cat=105&ccb=1-7&_nc_sid=c7e7b7&_nc_ohc=PdMYmZN_FREQ7kNvwGebO0Q&_nc_oc=AdoUO9GkYUq2VH79-SEAuj9G_JjTs-TAH1R6zid31YGl29o2IDD6C63gDEVQIw5A1Fo&_nc_zt=23&_nc_ht=scontent.fqsa1-1.fna&edm=ANyJclEEAAAA&_nc_gid=EATm5ibRuWfwfRxjlVRHaQ&_nc_tpa=Q5bMBQGfSlKDnk2r3a_bJAhksTk-wdFVBzHc-8cmp4W2bV1FyexX9g4BScimnsq_o8Ymg5RmNswX2TLhGg&oh=00_Af3ZvdogLiwS-Y9A0OTucvDG4dN4P_hNF9zRLNUFWxY7dQ&oe=69EA79D3;images/087.jpg
088;26665024256418930;TOP CAPA VOLANTES;5.38;sin_categoria;unisex;XS,S,M,L;M;True;https://scontent.fqsa1-1.fna.fbcdn.net/v/t45.5328-4/626167593_1259648622712387_4365111607098538581_n.jpg?_nc_cat=106&ccb=1-7&_nc_sid=c7e7b7&_nc_ohc=XiM4Ye2mTCkQ7kNvwH3VP6s&_nc_oc=AdoNsLuB4_6HWqHGGeF9IXH5YNF6hppuFSacujLWp1eLgOoE3_05YYvxI0aVZ_fzBtM&_nc_zt=23&_nc_ht=scontent.fqsa1-1.fna&edm=ANyJclEEAAAA&_nc_gid=EATm5ibRuWfwfRxjlVRHaQ&_nc_tpa=Q5bMBQFlz0yPIDRtfAghyJHOqeh8MdWZ5nAjQI9rCRm1W3vi0Y4W8hYzhwW6OjNDkxi1Od3Dl76BFDGSrw&oh=00_Af0v2EeiACA204pQWfcjyTELAnnZRNKNTQvsO1AisbK8gA&oe=69EA7559;images/088.jpg
089;26829500296750016;CAMISETA HEAVY COTTON;5.98;sin_categoria;unisex;XS,S,M,L;S;True;https://scontent.fqsa1-1.fna.fbcdn.net/v/t45.5328-4/625977760_2359980301183663_2094789177804212565_n.jpg?_nc_cat=107&ccb=1-7&_nc_sid=c7e7b7&_nc_ohc=DJhwUJt4ktcQ7kNvwEi2Pu_&_nc_oc=Adpvtw6ky6uJT6Xj55YeuhM-DOa_cnUPFpZfGEqMwpubSbA6o5u2wGCAc2GOXflfFxw&_nc_zt=23&_nc_ht=scontent.fqsa1-1.fna&edm=ANyJclEEAAAA&_nc_gid=EATm5ibRuWfwfRxjlVRHaQ&_nc_tpa=Q5bMBQH_3mgSelJKZvuhvHUbpX5EiNTjLL34pje-SuDjYcYWeMfLg66Dm2PCRpzOaM0pLkt-nczLE0T7MA&oh=00_Af0NZR8cg7Q0r19cIREHF1UBLOcEKO3Ng4MWV8HgvcpGFQ&oe=69EA7862;images/089.jpg
090;34110915441855058;CAMISA CROP POPELÍN;11.96;sin_categoria;unisex;XS,S,M,L;M;True;https://scontent.fqsa1-1.fna.fbcdn.net/v/t45.5328-4/629276215_1685092479405949_1483884581853168990_n.jpg?_nc_cat=103&ccb=1-7&_nc_sid=c7e7b7&_nc_ohc=RvJMKiPeWVAQ7kNvwFhUVb0&_nc_oc=AdoaKGOl43a9kXEd4tHrHKvvjNZpnd69te8Ddl2YHNLZZ0VIk0_kjkePQJL0QS9JHvE&_nc_zt=23&_nc_ht=scontent.fqsa1-1.fna&edm=ANyJclEEAAAA&_nc_gid=EATm5ibRuWfwfRxjlVRHaQ&_nc_tpa=Q5bMBQESMhBcBbd3pyzj2wTluWSK4ufUHpG5V3IMW-i4_qJuhEHAv_QM7ZsAX-7co4z6jdQ82BQeUZh_Dg&oh=00_Af3qzwY7HyjFbvSj0_p4_-oyREySxor2GIRqjDiUX244FA&oe=69EA8B74;images/090.jpg
091;34124740567139714;CAMISETA RIB;5.96;sin_categoria;unisex;XS,S,M,L;S;True;https://scontent.fqsa1-1.fna.fbcdn.net/v/t45.5328-4/626332177_2178495456295083_4276982881662368436_n.jpg?_nc_cat=103&ccb=1-7&_nc_sid=c7e7b7&_nc_ohc=oTSc70qhxrQQ7kNvwFnL6uy&_nc_oc=AdrEdCblUTafiO7eqiKWc1iFD-tngm9GmVpTCENf5sGqW3KXk90eQougP5AZoXINvp0&_nc_zt=23&_nc_ht=scontent.fqsa1-1.fna&edm=ANyJclEEAAAA&_nc_gid=EATm5ibRuWfwfRxjlVRHaQ&_nc_tpa=Q5bMBQEkaHMA8MJ0tiM7LQjTKzAG_1UrSjyI2ZmV3cju4dNXUfVnUcq-AZQ2n692esbwV-1E8nY_Z8iUvQ&oh=00_Af0cfdaiymEmXg9uHtA75Py_a7ZqyTXB3OJGryTlL8xSsA&oe=69EA785E;images/091.jpg
092;34539317332382693;CAMISETA MANGA VOLANTES;3.88;sin_categoria;unisex;XS,S,M,L;M;True;https://scontent.fqsa1-1.fna.fbcdn.net/v/t45.5328-4/626154709_1900826913902413_800726121861939843_n.jpg?_nc_cat=101&ccb=1-7&_nc_sid=c7e7b7&_nc_ohc=VGDTiNtDq_0Q7kNvwFuWH5h&_nc_oc=AdoGxM5g-wwThv0pjccDr5OLSDUIJdU-NxJF1s1K6_MD5IVbtQMn6pMSFRc6elE6HYQ&_nc_zt=23&_nc_ht=scontent.fqsa1-1.fna&edm=ANyJclEEAAAA&_nc_gid=EATm5ibRuWfwfRxjlVRHaQ&_nc_tpa=Q5bMBQGEWvZJuy7DrilAPvA8B9mXRlCi6mBLzvN4nGg44ei_QbPsesReF-U0wP0fy1b4A--ta4V1vWC82Q&oh=00_Af1T5Jn23YO9fQiWjfSRibiCnXJogt_o50UPAv_qdsd3IQ&oe=69EA79AD;images/092.jpg
